"isDisabled","ref","type","baseWeapon","baseMods","supportedAttachments","lootTags","tier","pingCommsAction","fakeAmmoIcon","icon","pickupModel","skinOverride","attachSound","pickupSound_1p","pickupSound_3p","carrySound","pickupString","desc","countPerDrop","inventorySlotCount","netInt","passive","minPVPCurrency","maxPVPCurrency","scrapValue","droppodRotate","conditional","isDynamic","pretendsToBeBlank"
false,"blank","blank","","","","",0,"","","","",0,"","","","","","",1,1,"","",0,0,0,false,false,false,false
false,"mp_weapon_sniper","main_weapon","","crate","","sniper",5,"PING_WEAPON_KRABER","rui/hud/gametype_icons/survival/sur_ammo_kraber","","",0,"","survival_loot_pickup_weapon_sniper","survival_loot_pickup_3p_weapon_sniper","","","",1,1,"","",0,0,20,false,false,false,false
false,"mp_weapon_mastiff","main_weapon","","","sight mag grip","shotgun",1,"PING_WEAPON_MASTIFF","","","",0,"","survival_loot_pickup_weapon_mastiff","survival_loot_pickup_3p_weapon_mastiff","","","",1,1,"","",0,0,20,false,false,false,false
false,"mp_weapon_mastiff_whiteset","main_weapon","mp_weapon_mastiff","optic_cq_hcog_classic shotgun_bolt_l1 stock_tactical_l1","sight mag grip","shotgun whiteset",1,"PING_WEAPON_MASTIFF","","","",0,"","survival_loot_pickup_weapon_mastiff","survival_loot_pickup_3p_weapon_mastiff","","","",1,1,"","",0,0,20,false,false,false,false
false,"mp_weapon_mastiff_blueset","main_weapon","mp_weapon_mastiff","optic_cq_hcog_classic shotgun_bolt_l2 stock_tactical_l2","sight mag grip","shotgun blueset",2,"PING_WEAPON_MASTIFF","","","",0,"","survival_loot_pickup_weapon_mastiff","survival_loot_pickup_3p_weapon_mastiff","","","",1,1,"","",0,0,20,false,false,false,false
false,"mp_weapon_mastiff_purpleset","main_weapon","mp_weapon_mastiff","optic_cq_hcog_classic shotgun_bolt_l3 stock_tactical_l3","sight mag grip","shotgun purpleset",3,"PING_WEAPON_MASTIFF","","","",0,"","survival_loot_pickup_weapon_mastiff","survival_loot_pickup_3p_weapon_mastiff","","","",1,1,"","",0,0,20,false,false,false,false
false,"mp_weapon_mastiff_gold","main_weapon","mp_weapon_mastiff","optic_cq_hcog_classic shotgun_bolt_l4 stock_tactical_l3","sight mag grip","shotgun gold",4,"PING_WEAPON_MASTIFF","","","",0,"","survival_loot_pickup_weapon_mastiff","survival_loot_pickup_3p_weapon_mastiff","","","",1,1,"","",0,0,20,false,false,false,false
false,"mp_weapon_lstar","main_weapon","","","sight grip mag","lmg",1,"PING_WEAPON_LSTAR","","","",0,"","survival_loot_pickup_weapon_lstar","survival_loot_pickup_3p_weapon_lstar","","","",1,1,"","",0,0,20,false,false,false,false
false,"mp_weapon_lstar_crate","main_weapon","","crate optic_cq_hcog_bruiser stock_tactical_l3 energy_mag_l4","sight","lmg",5,"PING_WEAPON_LSTAR","rui/hud/gametype_icons/survival/sur_ammo_lstar","","",0,"","survival_loot_pickup_weapon_lstar","survival_loot_pickup_3p_weapon_lstar","","","",1,1,"","",0,0,20,false,false,false,false
false,"mp_weapon_lstar_whiteset","main_weapon","mp_weapon_lstar","optic_cq_hcog_classic  stock_tactical_l1 energy_mag_l1","sight grip mag","lmg whiteset",1,"PING_WEAPON_LSTAR","","","",0,"","survival_loot_pickup_weapon_lstar","survival_loot_pickup_3p_weapon_lstar","","","",1,1,"","",0,0,20,false,false,false,false
false,"mp_weapon_lstar_blueset","main_weapon","mp_weapon_lstar","optic_cq_hcog_bruiser stock_tactical_l2 energy_mag_l2","sight grip mag","lmg blueset",2,"PING_WEAPON_LSTAR","","","",0,"","survival_loot_pickup_weapon_lstar","survival_loot_pickup_3p_weapon_lstar","","","",1,1,"","",0,0,20,false,false,false,false
false,"mp_weapon_lstar_purpleset","main_weapon","mp_weapon_lstar","optic_cq_hcog_bruiser stock_tactical_l3 energy_mag_l3","sight grip mag","lmg purpleset",3,"PING_WEAPON_LSTAR","","","",0,"","survival_loot_pickup_weapon_lstar","survival_loot_pickup_3p_weapon_lstar","","","",1,1,"","",0,0,20,false,false,false,false
false,"mp_weapon_lstar_gold","main_weapon","mp_weapon_lstar","optic_cq_hcog_bruiser stock_tactical_l3 energy_mag_l4","sight grip mag","lmg gold",4,"PING_WEAPON_LSTAR","","","",0,"","survival_loot_pickup_weapon_lstar","survival_loot_pickup_3p_weapon_lstar","","","",1,1,"","",0,0,20,false,false,false,false
false,"mp_weapon_energy_ar","main_weapon","","","sight mag grip hopup","assault",1,"PING_WEAPON_ENERGY_AR","","","",0,"","survival_loot_pickup_weapon_lstar","survival_loot_pickup_3p_weapon_lstar","","","",1,1,"","",0,0,20,false,false,false,false
false,"mp_weapon_energy_ar_whiteset","main_weapon","mp_weapon_energy_ar","optic_cq_hcog_classic energy_mag_l1 stock_tactical_l1","sight mag grip","assault whiteset",1,"PING_WEAPON_ENERGY_AR","","","",0,"","survival_loot_pickup_weapon_lstar","survival_loot_pickup_3p_weapon_lstar","","","",1,1,"","",0,0,20,false,false,false,false
false,"mp_weapon_energy_ar_blueset","main_weapon","mp_weapon_energy_ar","optic_cq_hcog_bruiser energy_mag_l2 stock_tactical_l2","sight mag grip","assault blueset",2,"PING_WEAPON_ENERGY_AR","","","",0,"","survival_loot_pickup_weapon_lstar","survival_loot_pickup_3p_weapon_lstar","","","",1,1,"","",0,0,20,false,false,false,false
false,"mp_weapon_energy_ar_purpleset","main_weapon","mp_weapon_energy_ar","optic_cq_hcog_bruiser energy_mag_l3 stock_tactical_l3","sight mag grip hopup","assault purpleset",3,"PING_WEAPON_ENERGY_AR","","","",0,"","survival_loot_pickup_weapon_lstar","survival_loot_pickup_3p_weapon_lstar","","","",1,1,"","",0,0,20,false,false,false,false
false,"mp_weapon_energy_ar_gold","main_weapon","mp_weapon_energy_ar","hopup_turbocharger optic_cq_hcog_bruiser energy_mag_l4 stock_tactical_l3","sight mag grip hopup","assault gold",4,"PING_WEAPON_ENERGY_AR","","","",0,"","survival_loot_pickup_weapon_lstar","survival_loot_pickup_3p_weapon_lstar","","","",1,1,"","",0,0,20,false,false,false,false
false,"mp_weapon_esaw","main_weapon","","","sight mag barrel grip hopup","lmg",1,"PING_WEAPON_DEVOTION","","","",0,"","survival_loot_pickup_weapon_esaw","survival_loot_pickup_3p_weapon_esaw","","","",1,1,"","",0,0,20,false,false,false,false
false,"mp_weapon_esaw_crate","main_weapon","","crate hopup_turbocharger optic_cq_hcog_bruiser energy_mag_l4 barrel_stabilizer_l3 stock_tactical_l3","sight hopup","lmg",5,"PING_WEAPON_DEVOTION","rui/hud/gametype_icons/survival/sur_ammo_lstar","","",0,"","survival_loot_pickup_weapon_esaw","survival_loot_pickup_3p_weapon_esaw","","","",1,1,"","",0,0,20,false,false,false,false
false,"mp_weapon_esaw_whiteset","main_weapon","mp_weapon_esaw","optic_cq_hcog_classic energy_mag_l1 barrel_stabilizer_l1 stock_tactical_l1","sight mag barrel grip","lmg whiteset",1,"PING_WEAPON_DEVOTION","","","",0,"","survival_loot_pickup_weapon_esaw","survival_loot_pickup_3p_weapon_esaw","","","",1,1,"","",0,0,20,false,false,false,false
false,"mp_weapon_esaw_blueset","main_weapon","mp_weapon_esaw","optic_cq_hcog_bruiser energy_mag_l2 barrel_stabilizer_l2 stock_tactical_l2","sight mag barrel grip","lmg blueset",2,"PING_WEAPON_DEVOTION","","","",0,"","survival_loot_pickup_weapon_esaw","survival_loot_pickup_3p_weapon_esaw","","","",1,1,"","",0,0,20,false,false,false,false
false,"mp_weapon_esaw_purpleset","main_weapon","mp_weapon_esaw","optic_cq_hcog_bruiser energy_mag_l3 barrel_stabilizer_l3 stock_tactical_l3","sight mag barrel grip hopup","lmg purpleset",3,"PING_WEAPON_DEVOTION","","","",0,"","survival_loot_pickup_weapon_esaw","survival_loot_pickup_3p_weapon_esaw","","","",1,1,"","",0,0,20,false,false,false,false
false,"mp_weapon_esaw_gold","main_weapon","mp_weapon_esaw","hopup_turbocharger optic_cq_hcog_bruiser energy_mag_l4 barrel_stabilizer_l3 stock_tactical_l3","sight mag barrel grip hopup","lmg gold",4,"PING_WEAPON_DEVOTION","","","",0,"","survival_loot_pickup_weapon_esaw","survival_loot_pickup_3p_weapon_esaw","","","",1,1,"","",0,0,20,false,false,false,false
false,"mp_weapon_doubletake","main_weapon","","hopup_energy_choke choke","sight mag grip hopup","marksman",1,"PING_WEAPON_TRIPLETAKE","","","",0,"","survival_loot_pickup_weapon_doubletake","survival_loot_pickup_3p_weapon_doubletake","","","",1,1,"","",0,0,20,false,false,false,false
false,"mp_weapon_doubletake_whiteset","main_weapon","mp_weapon_doubletake","hopup_energy_choke choke optic_cq_hcog_classic energy_mag_l1 stock_sniper_l1","sight mag grip","marksman whiteset",1,"PING_WEAPON_TRIPLETAKE","","","",0,"","survival_loot_pickup_weapon_doubletake","survival_loot_pickup_3p_weapon_doubletake","","","",1,1,"","",0,0,20,false,false,false,false
false,"mp_weapon_doubletake_blueset","main_weapon","mp_weapon_doubletake","hopup_energy_choke choke optic_ranged_aog_variable energy_mag_l2 stock_sniper_l2","sight mag grip","marksman blueset",2,"PING_WEAPON_TRIPLETAKE","","","",0,"","survival_loot_pickup_weapon_doubletake","survival_loot_pickup_3p_weapon_doubletake","","","",1,1,"","",0,0,20,false,false,false,false
false,"mp_weapon_doubletake_purpleset","main_weapon","mp_weapon_doubletake","hopup_energy_choke choke optic_ranged_aog_variable energy_mag_l3 stock_sniper_l3 hopup_smart_reload","sight mag grip hopup","marksman purpleset",3,"PING_WEAPON_TRIPLETAKE","","","",0,"","survival_loot_pickup_weapon_doubletake","survival_loot_pickup_3p_weapon_doubletake","","","",1,1,"","",0,0,20,false,false,false,false
false,"mp_weapon_doubletake_gold","main_weapon","mp_weapon_doubletake","hopup_energy_choke choke optic_ranged_aog_variable energy_mag_l4 stock_sniper_l3 hopup_smart_reload","sight mag grip hopup","marksman gold",4,"PING_WEAPON_TRIPLETAKE","","","",0,"","survival_loot_pickup_weapon_doubletake","survival_loot_pickup_3p_weapon_doubletake","","","",1,1,"","",0,0,20,false,false,false,false
false,"mp_weapon_vinson","main_weapon","","","sight mag grip","assault",1,"PING_WEAPON_FLATLINE","","","",0,"","survival_loot_pickup_weapon_vinson","survival_loot_pickup_3p_weapon_vinson","","","",1,1,"","",0,0,20,false,false,false,false
false,"mp_weapon_vinson_whiteset","main_weapon","mp_weapon_vinson","optic_cq_hcog_classic highcal_mag_l1 stock_tactical_l1","sight mag grip","assault whiteset",1,"PING_WEAPON_FLATLINE","","","",0,"","survival_loot_pickup_weapon_vinson","survival_loot_pickup_3p_weapon_vinson","","","",1,1,"","",0,0,20,false,false,false,false
false,"mp_weapon_vinson_blueset","main_weapon","mp_weapon_vinson","optic_cq_hcog_bruiser highcal_mag_l2 stock_tactical_l2","sight mag grip","assault blueset",2,"PING_WEAPON_FLATLINE","","","",0,"","survival_loot_pickup_weapon_vinson","survival_loot_pickup_3p_weapon_vinson","","","",1,1,"","",0,0,20,false,false,false,false
false,"mp_weapon_vinson_purpleset","main_weapon","mp_weapon_vinson","optic_cq_hcog_bruiser highcal_mag_l3 stock_tactical_l3","sight mag grip","assault purpleset",3,"PING_WEAPON_FLATLINE","","","",0,"","survival_loot_pickup_weapon_vinson","survival_loot_pickup_3p_weapon_vinson","","","",1,1,"","",0,0,20,false,false,false,false
false,"mp_weapon_vinson_gold","main_weapon","mp_weapon_vinson","optic_cq_hcog_bruiser highcal_mag_l4 stock_tactical_l3","sight mag grip","assault gold",4,"PING_WEAPON_FLATLINE","","","",0,"","survival_loot_pickup_weapon_vinson","survival_loot_pickup_3p_weapon_vinson","","","",1,1,"","",0,0,20,false,false,false,false
false,"mp_weapon_hemlok","main_weapon","","","sight mag barrel grip","assault",1,"PING_WEAPON_HEMLOK","","","",0,"","survival_loot_pickup_weapon_hemlok","survival_loot_pickup_3p_weapon_hemlok","","","",1,1,"","",0,0,20,false,false,false,false
false,"mp_weapon_hemlok_crate","main_weapon","","crate optic_cq_hcog_bruiser highcal_mag_l4 stock_tactical_l3 hopup_smart_reload barrel_stabilizer_l3","sight hopup","assault",5,"PING_WEAPON_HEMLOK","rui/hud/gametype_icons/survival/sur_ammo_heavy","","",0,"","survival_loot_pickup_weapon_hemlok","survival_loot_pickup_3p_weapon_hemlok","","","",1,1,"","",0,0,20,false,false,false,false
false,"mp_weapon_hemlok_whiteset","main_weapon","mp_weapon_hemlok","optic_cq_hcog_classic highcal_mag_l1 barrel_stabilizer_l1 stock_tactical_l1","sight mag barrel grip","assault whiteset",1,"PING_WEAPON_HEMLOK","","","",0,"","survival_loot_pickup_weapon_hemlok","survival_loot_pickup_3p_weapon_hemlok","","","",1,1,"","",0,0,20,false,false,false,false
false,"mp_weapon_hemlok_blueset","main_weapon","mp_weapon_hemlok","optic_cq_hcog_bruiser highcal_mag_l2 barrel_stabilizer_l2 stock_tactical_l2","sight mag barrel grip","assault blueset",2,"PING_WEAPON_HEMLOK","","","",0,"","survival_loot_pickup_weapon_hemlok","survival_loot_pickup_3p_weapon_hemlok","","","",1,1,"","",0,0,20,false,false,false,false
false,"mp_weapon_hemlok_purpleset","main_weapon","mp_weapon_hemlok","optic_cq_hcog_bruiser highcal_mag_l3 barrel_stabilizer_l3 stock_tactical_l3","sight mag barrel grip","assault purpleset",3,"PING_WEAPON_HEMLOK","","","",0,"","survival_loot_pickup_weapon_hemlok","survival_loot_pickup_3p_weapon_hemlok","","","",1,1,"","",0,0,20,false,false,false,false
false,"mp_weapon_hemlok_gold","main_weapon","mp_weapon_hemlok","optic_cq_hcog_bruiser highcal_mag_l4 barrel_stabilizer_l3 stock_tactical_l3","sight mag barrel grip","assault gold",4,"PING_WEAPON_HEMLOK","","","",0,"","survival_loot_pickup_weapon_hemlok","survival_loot_pickup_3p_weapon_hemlok","","","",1,1,"","",0,0,20,false,false,false,false
false,"mp_weapon_g2","main_weapon","","","sight mag barrel grip","marksman",1,"PING_WEAPON_G7","","","",0,"","survival_loot_pickup_weapon_g2","survival_loot_pickup_3p_weapon_g2","","","",1,1,"","",0,0,20,false,false,false,false
false,"mp_weapon_g2_whiteset","main_weapon","mp_weapon_g2","optic_cq_hcog_classic bullets_mag_l1 barrel_stabilizer_l1 stock_sniper_l1","sight mag barrel grip","marksman whiteset",1,"PING_WEAPON_G7","","","",0,"","survival_loot_pickup_weapon_g2","survival_loot_pickup_3p_weapon_g2","","","",1,1,"","",0,0,20,false,false,false,false
false,"mp_weapon_g2_blueset","main_weapon","mp_weapon_g2","optic_cq_hcog_bruiser bullets_mag_l2 barrel_stabilizer_l2 stock_sniper_l2","sight mag barrel grip","marksman blueset",2,"PING_WEAPON_G7","","","",0,"","survival_loot_pickup_weapon_g2","survival_loot_pickup_3p_weapon_g2","","","",1,1,"","",0,0,20,false,false,false,false
false,"mp_weapon_g2_purpleset","main_weapon","mp_weapon_g2","optic_ranged_aog_variable bullets_mag_l3 barrel_stabilizer_l3 stock_sniper_l3","sight mag barrel grip","marksman purpleset",3,"PING_WEAPON_G7","","","",0,"","survival_loot_pickup_weapon_g2","survival_loot_pickup_3p_weapon_g2","","","",1,1,"","",0,0,20,false,false,false,false
false,"mp_weapon_g2_gold","main_weapon","mp_weapon_g2","optic_ranged_aog_variable bullets_mag_l4 barrel_stabilizer_l3 stock_sniper_l3","sight mag barrel grip","marksman gold",4,"PING_WEAPON_G7","","","",0,"","survival_loot_pickup_weapon_g2","survival_loot_pickup_3p_weapon_g2","","","",1,1,"","",0,0,20,false,false,false,false
false,"mp_weapon_alternator_smg","main_weapon","","","sight mag barrel grip hopup","smg",1,"PING_WEAPON_ALTERNATOR","","","",0,"","survival_loot_pickup_weapon_alternator_smg","survival_loot_pickup_3p_weapon_alternator_smg","","","",1,1,"","",0,0,20,false,false,false,false
false,"mp_weapon_alternator_smg_whiteset","main_weapon","mp_weapon_alternator_smg","optic_cq_hcog_classic bullets_mag_l1 laser_sight_l1 stock_tactical_l1","sight mag barrel grip","smg whiteset",1,"PING_WEAPON_ALTERNATOR","","","",0,"","survival_loot_pickup_weapon_alternator_smg","survival_loot_pickup_3p_weapon_alternator_smg","","","",1,1,"","",0,0,20,false,false,false,false
false,"mp_weapon_alternator_smg_blueset","main_weapon","mp_weapon_alternator_smg","optic_cq_hcog_classic bullets_mag_l2 laser_sight_l2 stock_tactical_l2","sight mag barrel grip","smg blueset",2,"PING_WEAPON_ALTERNATOR","","","",0,"","survival_loot_pickup_weapon_alternator_smg","survival_loot_pickup_3p_weapon_alternator_smg","","","",1,1,"","",0,0,20,false,false,false,false
false,"mp_weapon_alternator_smg_purpleset","main_weapon","mp_weapon_alternator_smg","optic_cq_hcog_classic bullets_mag_l3 laser_sight_l3 stock_tactical_l3","sight mag barrel grip","smg purpleset",3,"PING_WEAPON_ALTERNATOR","","","",0,"","survival_loot_pickup_weapon_alternator_smg","survival_loot_pickup_3p_weapon_alternator_smg","","","",1,1,"","",0,0,20,false,false,false,false
false,"mp_weapon_alternator_smg_gold","main_weapon","mp_weapon_alternator_smg","optic_cq_hcog_classic bullets_mag_l4 laser_sight_l3 stock_tactical_l3 hopup_shield_breaker","sight mag barrel grip hopup","smg gold",4,"PING_WEAPON_ALTERNATOR","","","",0,"","survival_loot_pickup_weapon_alternator_smg","survival_loot_pickup_3p_weapon_alternator_smg","","","",1,1,"","",0,0,20,false,false,false,false
false,"mp_weapon_r97","main_weapon","","","sight mag barrel grip","smg",1,"PING_WEAPON_R97","","","",0,"","survival_loot_pickup_weapon_r97","survival_loot_pickup_3p_weapon_r97","","","",1,1,"","",0,0,20,false,false,false,false
false,"mp_weapon_r97_whiteset","main_weapon","mp_weapon_r97","optic_cq_hcog_classic bullets_mag_l1 laser_sight_l1 stock_tactical_l1","sight mag barrel grip","smg whiteset",1,"PING_WEAPON_R97","","","",0,"","survival_loot_pickup_weapon_r97","survival_loot_pickup_3p_weapon_r97","","","",1,1,"","",0,0,20,false,false,false,false
false,"mp_weapon_r97_blueset","main_weapon","mp_weapon_r97","optic_cq_hcog_classic bullets_mag_l2 laser_sight_l2 stock_tactical_l2","sight mag barrel grip","smg blueset",2,"PING_WEAPON_R97","","","",0,"","survival_loot_pickup_weapon_r97","survival_loot_pickup_3p_weapon_r97","","","",1,1,"","",0,0,20,false,false,false,false
false,"mp_weapon_r97_purpleset","main_weapon","mp_weapon_r97","optic_cq_hcog_classic bullets_mag_l3 laser_sight_l3 stock_tactical_l3","sight mag barrel grip","smg purpleset",3,"PING_WEAPON_R97","","","",0,"","survival_loot_pickup_weapon_r97","survival_loot_pickup_3p_weapon_r97","","","",1,1,"","",0,0,20,false,false,false,false
false,"mp_weapon_r97_gold","main_weapon","mp_weapon_r97","optic_cq_hcog_classic bullets_mag_l4 laser_sight_l3 stock_tactical_l3","sight mag barrel grip","smg gold",4,"PING_WEAPON_R97","","","",0,"","survival_loot_pickup_weapon_r97","survival_loot_pickup_3p_weapon_r97","","","",1,1,"","",0,0,20,false,false,false,false
false,"mp_weapon_pdw","main_weapon","","","sight mag barrel grip","smg",1,"PING_WEAPON_PROWLER","","","",0,"","survival_loot_pickup_weapon_r97","survival_loot_pickup_3p_weapon_r97","","","",1,1,"","",0,0,20,false,false,false,false
false,"mp_weapon_pdw_crate","main_weapon","","crate optic_cq_hcog_classic highcal_mag_l4 laser_sight_l3 stock_tactical_l3 hopup_selectfire altfire_selectfire","sight hopup","smg",5,"PING_WEAPON_PROWLER","rui/hud/gametype_icons/survival/sur_ammo_heavy","","",0,"","survival_loot_pickup_weapon_r97","survival_loot_pickup_3p_weapon_r97","","","",1,1,"","",0,0,20,false,false,false,false
false,"mp_weapon_pdw_whiteset","main_weapon","mp_weapon_pdw","optic_cq_hcog_classic highcal_mag_l1 laser_sight_l1 stock_tactical_l1","sight mag barrel grip","smg whiteset",1,"PING_WEAPON_PROWLER","","","",0,"","survival_loot_pickup_weapon_r97","survival_loot_pickup_3p_weapon_r97","","","",1,1,"","",0,0,20,false,false,false,false
false,"mp_weapon_pdw_blueset","main_weapon","mp_weapon_pdw","optic_cq_hcog_classic highcal_mag_l2 laser_sight_l2 stock_tactical_l2","sight mag barrel grip","smg blueset",2,"PING_WEAPON_PROWLER","","","",0,"","survival_loot_pickup_weapon_r97","survival_loot_pickup_3p_weapon_r97","","","",1,1,"","",0,0,20,false,false,false,false
false,"mp_weapon_pdw_purpleset","main_weapon","mp_weapon_pdw","optic_cq_hcog_classic highcal_mag_l3 laser_sight_l3 stock_tactical_l3","sight mag barrel grip","smg purpleset",3,"PING_WEAPON_PROWLER","","","",0,"","survival_loot_pickup_weapon_r97","survival_loot_pickup_3p_weapon_r97","","","",1,1,"","",0,0,20,false,false,false,false
false,"mp_weapon_pdw_gold","main_weapon","mp_weapon_pdw","optic_cq_hcog_classic highcal_mag_l4 laser_sight_l3 stock_tactical_l3","sight mag barrel grip","smg gold",4,"PING_WEAPON_PROWLER","","","",0,"","survival_loot_pickup_weapon_r97","survival_loot_pickup_3p_weapon_r97","","","",1,1,"","",0,0,20,false,false,false,false
false,"mp_weapon_volt_smg","main_weapon","","","sight mag barrel grip","smg",1,"PING_WEAPON_VOLT_SMG","","","",0,"","survival_loot_pickup_weapon_alternator_smg","survival_loot_pickup_3p_weapon_alternator_smg","","","",1,1,"","",0,0,20,false,false,false,false
false,"mp_weapon_volt_smg_whiteset","main_weapon","mp_weapon_volt_smg","optic_cq_hcog_classic energy_mag_l1 stock_tactical_l1 laser_sight_l1","sight mag barrel grip","smg whiteset",1,"PING_WEAPON_VOLT_SMG","","","",0,"","survival_loot_pickup_weapon_alternator_smg","survival_loot_pickup_3p_weapon_alternator_smg","","","",1,1,"","",0,0,20,false,false,false,false
false,"mp_weapon_volt_smg_blueset","main_weapon","mp_weapon_volt_smg","optic_cq_hcog_classic energy_mag_l2 stock_tactical_l2  laser_sight_l2","sight mag barrel grip","smg blueset",2,"PING_WEAPON_VOLT_SMG","","","",0,"","survival_loot_pickup_weapon_alternator_smg","survival_loot_pickup_3p_weapon_alternator_smg","","","",1,1,"","",0,0,20,false,false,false,false
false,"mp_weapon_volt_smg_purpleset","main_weapon","mp_weapon_volt_smg","optic_cq_hcog_classic energy_mag_l3 stock_tactical_l3 laser_sight_l3","sight mag barrel grip","smg purpleset",3,"PING_WEAPON_VOLT_SMG","","","",0,"","survival_loot_pickup_weapon_alternator_smg","survival_loot_pickup_3p_weapon_alternator_smg","","","",1,1,"","",0,0,20,false,false,false,false
false,"mp_weapon_volt_smg_gold","main_weapon","mp_weapon_volt_smg","optic_cq_hcog_classic energy_mag_l4 stock_tactical_l3 laser_sight_l3","sight mag barrel grip","smg gold",4,"PING_WEAPON_VOLT_SMG","","","",0,"","survival_loot_pickup_weapon_alternator_smg","survival_loot_pickup_3p_weapon_alternator_smg","","","",1,1,"","",0,0,20,false,false,false,false
false,"mp_weapon_dmr","main_weapon","","","sight mag barrel grip","sniper",1,"PING_WEAPON_DMR","","","",0,"","survival_loot_pickup_weapon_dmr","survival_loot_pickup_3p_weapon_dmr","","","",1,1,"","",0,0,20,false,false,false,false
false,"mp_weapon_dmr_whiteset","main_weapon","mp_weapon_dmr","optic_cq_hcog_bruiser sniper_mag_l1 stock_sniper_l1","sight mag grip","sniper whiteset",1,"PING_WEAPON_DMR","","","",0,"","survival_loot_pickup_weapon_dmr","survival_loot_pickup_3p_weapon_dmr","","","",1,1,"","",0,0,20,false,false,false,false
false,"mp_weapon_dmr_blueset","main_weapon","mp_weapon_dmr","optic_sniper sniper_mag_l2 stock_sniper_l2","sight mag grip","sniper blueset",2,"PING_WEAPON_DMR","","","",0,"","survival_loot_pickup_weapon_dmr","survival_loot_pickup_3p_weapon_dmr","","","",1,1,"","",0,0,20,false,false,false,false
false,"mp_weapon_dmr_purpleset","main_weapon","mp_weapon_dmr","optic_ranged_aog_variable sniper_mag_l3 stock_sniper_l3","sight mag grip","sniper purpleset",3,"PING_WEAPON_DMR","","","",0,"","survival_loot_pickup_weapon_dmr","survival_loot_pickup_3p_weapon_dmr","","","",1,1,"","",0,0,20,false,false,false,false
false,"mp_weapon_dmr_gold","main_weapon","mp_weapon_dmr","optic_sniper_threat sniper_mag_l4 stock_sniper_l3","sight mag grip","sniper gold",4,"PING_WEAPON_DMR","","","",0,"","survival_loot_pickup_weapon_dmr","survival_loot_pickup_3p_weapon_dmr","","","",1,1,"","",0,0,20,false,false,false,false
false,"mp_weapon_defender","main_weapon","","","sight mag grip","sniper",1,"PING_WEAPON_DEFENDER","","","",0,"","survival_loot_pickup_weapon_dmr","survival_loot_pickup_3p_weapon_dmr","","","",1,1,"","",0,0,20,false,false,false,false
false,"mp_weapon_defender_whiteset","main_weapon","mp_weapon_defender","optic_cq_hcog_bruiser stock_sniper_l1 sniper_mag_l1","sight mag grip","sniper whiteset",1,"PING_WEAPON_DEFENDER","","","",0,"","survival_loot_pickup_weapon_dmr","survival_loot_pickup_3p_weapon_dmr","","","",1,1,"","",0,0,20,false,false,false,false
false,"mp_weapon_defender_blueset","main_weapon","mp_weapon_defender","optic_sniper stock_sniper_l2 sniper_mag_l2","sight mag grip","sniper blueset",2,"PING_WEAPON_DEFENDER","","","",0,"","survival_loot_pickup_weapon_dmr","survival_loot_pickup_3p_weapon_dmr","","","",1,1,"","",0,0,20,false,false,false,false
false,"mp_weapon_defender_purpleset","main_weapon","mp_weapon_defender","optic_sniper_variable stock_sniper_l3 sniper_mag_l3","sight mag grip","sniper purpleset",3,"PING_WEAPON_DEFENDER","","","",0,"","survival_loot_pickup_weapon_dmr","survival_loot_pickup_3p_weapon_dmr","","","",1,1,"","",0,0,20,false,false,false,false
false,"mp_weapon_defender_gold","main_weapon","mp_weapon_defender","optic_sniper_threat stock_sniper_l3 sniper_mag_l4","sight mag grip","sniper gold",4,"PING_WEAPON_DEFENDER","","","",0,"","survival_loot_pickup_weapon_dmr","survival_loot_pickup_3p_weapon_dmr","","","",1,1,"","",0,0,20,false,false,false,false
false,"mp_weapon_lmg","main_weapon","","","sight grip mag barrel","lmg",1,"PING_WEAPON_SPITFIRE","","","",0,"","survival_loot_pickup_weapon_lmg","survival_loot_pickup_3p_weapon_lmg","","","",1,1,"","",0,0,20,false,false,false,false
false,"mp_weapon_lmg_whiteset","main_weapon","mp_weapon_lmg","optic_cq_hcog_classic  stock_tactical_l1 bullets_mag_l1 barrel_stabilizer_l1","sight grip mag barrel","lmg whiteset",1,"PING_WEAPON_SPITFIRE","","","",0,"","survival_loot_pickup_weapon_lmg","survival_loot_pickup_3p_weapon_lmg","","","",1,1,"","",0,0,20,false,false,false,false
false,"mp_weapon_lmg_blueset","main_weapon","mp_weapon_lmg","optic_cq_hcog_bruiser stock_tactical_l2 bullets_mag_l2 barrel_stabilizer_l2","sight grip mag barrel","lmg blueset",2,"PING_WEAPON_SPITFIRE","","","",0,"","survival_loot_pickup_weapon_lmg","survival_loot_pickup_3p_weapon_lmg","","","",1,1,"","",0,0,20,false,false,false,false
false,"mp_weapon_lmg_purpleset","main_weapon","mp_weapon_lmg","optic_cq_hcog_bruiser stock_tactical_l3 bullets_mag_l3 barrel_stabilizer_l3","sight grip mag barrel","lmg purpleset",3,"PING_WEAPON_SPITFIRE","","","",0,"","survival_loot_pickup_weapon_lmg","survival_loot_pickup_3p_weapon_lmg","","","",1,1,"","",0,0,20,false,false,false,false
false,"mp_weapon_lmg_gold","main_weapon","mp_weapon_lmg","optic_cq_hcog_bruiser bullets_mag_l4 stock_tactical_l3 barrel_stabilizer_l3","sight grip mag barrel","lmg gold",4,"PING_WEAPON_SPITFIRE","","","",0,"","survival_loot_pickup_weapon_lmg","survival_loot_pickup_3p_weapon_lmg","","","",1,1,"","",0,0,20,false,false,false,false
false,"mp_weapon_rspn101","main_weapon","","","sight mag barrel grip","assault",1,"PING_WEAPON_R201","","","",0,"","survival_loot_pickup_weapon_rspn101","survival_loot_pickup_3p_weapon_rspn101","","","",1,1,"","",0,0,20,false,false,false,false
false,"mp_weapon_rspn101_whiteset","main_weapon","mp_weapon_rspn101","optic_cq_hcog_classic bullets_mag_l1 barrel_stabilizer_l1 stock_tactical_l1","sight mag barrel grip","assault whiteset",1,"PING_WEAPON_R201","","","",0,"","survival_loot_pickup_weapon_rspn101","survival_loot_pickup_3p_weapon_rspn101","","","",1,1,"","",0,0,20,false,false,false,false
false,"mp_weapon_rspn101_blueset","main_weapon","mp_weapon_rspn101","optic_cq_hcog_bruiser bullets_mag_l2 barrel_stabilizer_l2 stock_tactical_l2","sight mag barrel grip","assault blueset",2,"PING_WEAPON_R201","","","",0,"","survival_loot_pickup_weapon_rspn101","survival_loot_pickup_3p_weapon_rspn101","","","",1,1,"","",0,0,20,false,false,false,false
false,"mp_weapon_rspn101_purpleset","main_weapon","mp_weapon_rspn101","optic_cq_hcog_bruiser bullets_mag_l3 barrel_stabilizer_l3 stock_tactical_l3","sight mag barrel grip","assault purpleset",3,"PING_WEAPON_R201","","","",0,"","survival_loot_pickup_weapon_rspn101","survival_loot_pickup_3p_weapon_rspn101","","","",1,1,"","",0,0,20,false,false,false,false
false,"mp_weapon_rspn101_gold","main_weapon","mp_weapon_rspn101","optic_cq_hcog_bruiser bullets_mag_l4 barrel_stabilizer_l3 stock_tactical_l3","sight mag barrel grip","assault gold",4,"PING_WEAPON_R201","","","",0,"","survival_loot_pickup_weapon_rspn101","survival_loot_pickup_3p_weapon_rspn101","","","",1,1,"","",0,0,20,false,false,false,false
false,"mp_weapon_shotgun","main_weapon","","","sight mag grip","shotgun",1,"PING_WEAPON_EVA","","","",0,"","survival_loot_pickup_weapon_shotgun","survival_loot_pickup_3p_weapon_shotgun","","","",1,1,"","",0,0,20,false,false,false,false
false,"mp_weapon_shotgun_crate","main_weapon","","crate optic_cq_hcog_classic shotgun_bolt_l4 stock_tactical_l3 hopup_unshielded_dmg","sight mag hopup","shotgun",5,"PING_WEAPON_EVA","rui/hud/gametype_icons/survival/sur_ammo_mastiff","","",0,"","survival_loot_pickup_weapon_shotgun","survival_loot_pickup_3p_weapon_shotgun","","","",1,1,"","",0,0,20,false,false,false,false
false,"mp_weapon_shotgun_gold","main_weapon","mp_weapon_shotgun","optic_cq_hcog_classic shotgun_bolt_l4 stock_tactical_l3","sight mag grip","shotgun gold",4,"PING_WEAPON_EVA","","","",0,"","survival_loot_pickup_weapon_shotgun","survival_loot_pickup_3p_weapon_shotgun","","","",1,1,"","",0,0,20,false,false,false,false
false,"mp_weapon_shotgun_whiteset","main_weapon","mp_weapon_shotgun","shotgun_bolt_l1 stock_tactical_l1 optic_cq_hcog_classic","sight mag grip","shotgun whiteset",1,"PING_WEAPON_EVA","","","",0,"","survival_loot_pickup_weapon_shotgun","survival_loot_pickup_3p_weapon_shotgun","","","",1,1,"","",0,0,20,false,false,false,false
false,"mp_weapon_shotgun_blueset","main_weapon","mp_weapon_shotgun","shotgun_bolt_l2 optic_cq_hcog_classic stock_tactical_l2","sight mag grip","shotgun blueset",2,"PING_WEAPON_EVA","","","",0,"","survival_loot_pickup_weapon_shotgun","survival_loot_pickup_3p_weapon_shotgun","","","",1,1,"","",0,0,20,false,false,false,false
false,"mp_weapon_shotgun_purpleset","main_weapon","mp_weapon_shotgun","shotgun_bolt_l3 optic_cq_hcog_classic stock_tactical_l3","sight mag grip","shotgun purpleset",3,"PING_WEAPON_EVA","","","",0,"","survival_loot_pickup_weapon_shotgun","survival_loot_pickup_3p_weapon_shotgun","","","",1,1,"","",0,0,20,false,false,false,false
false,"mp_weapon_energy_shotgun","main_weapon","","hopup_energy_choke choke","sight mag grip hopup","shotgun",1,"PING_WEAPON_PEACEKEEPER","","","",0,"","survival_loot_pickup_weapon_shotgun","survival_loot_pickup_3p_weapon_shotgun","","","",1,1,"","",0,0,20,false,false,false,false
false,"mp_weapon_energy_shotgun_whiteset","main_weapon","mp_weapon_energy_shotgun","hopup_energy_choke choke optic_cq_hcog_classic shotgun_bolt_l1 stock_tactical_l1","sight mag grip","shotgun whiteset",1,"PING_WEAPON_PEACEKEEPER","","","",0,"","survival_loot_pickup_weapon_shotgun","survival_loot_pickup_3p_weapon_shotgun","","","",1,1,"","",0,0,20,false,false,false,false
false,"mp_weapon_energy_shotgun_blueset","main_weapon","mp_weapon_energy_shotgun","hopup_energy_choke choke optic_cq_hcog_classic shotgun_bolt_l2 stock_tactical_l2","sight mag grip","shotgun blueset",2,"PING_WEAPON_PEACEKEEPER","","","",0,"","survival_loot_pickup_weapon_shotgun","survival_loot_pickup_3p_weapon_shotgun","","","",1,1,"","",0,0,20,false,false,false,false
false,"mp_weapon_energy_shotgun_purpleset","main_weapon","mp_weapon_energy_shotgun","hopup_energy_choke choke optic_cq_hcog_classic shotgun_bolt_l3 stock_tactical_l3","sight mag grip","shotgun purpleset",3,"PING_WEAPON_PEACEKEEPER","","","",0,"","survival_loot_pickup_weapon_shotgun","survival_loot_pickup_3p_weapon_shotgun","","","",1,1,"","",0,0,20,false,false,false,false
false,"mp_weapon_energy_shotgun_gold","main_weapon","mp_weapon_energy_shotgun","hopup_energy_choke choke optic_cq_hcog_classic shotgun_bolt_l4 stock_tactical_l3 hopup_shield_breaker","sight mag grip hopup","shotgun gold",4,"PING_WEAPON_PEACEKEEPER","","","",0,"","survival_loot_pickup_weapon_shotgun","survival_loot_pickup_3p_weapon_shotgun","","","",1,1,"","",0,0,20,false,false,false,false
false,"mp_weapon_shotgun_pistol","main_weapon","","","sight mag hopup","pistol",1,"PING_WEAPON_MOZAMBIQUE","","","",0,"","survival_loot_pickup_weapon_shotgun","survival_loot_pickup_3p_weapon_shotgun","","","",1,1,"","",0,0,20,false,false,false,false
false,"mp_weapon_shotgun_pistol_whiteset","main_weapon","mp_weapon_shotgun_pistol","optic_cq_hcog_classic shotgun_bolt_l1","sight mag","pistol whiteset",1,"PING_WEAPON_MOZAMBIQUE","","","",0,"","survival_loot_pickup_weapon_shotgun","survival_loot_pickup_3p_weapon_shotgun","","","",1,1,"","",0,0,20,false,false,false,false
false,"mp_weapon_shotgun_pistol_blueset","main_weapon","mp_weapon_shotgun_pistol","optic_cq_hcog_classic shotgun_bolt_l2","sight mag","pistol blueset",2,"PING_WEAPON_MOZAMBIQUE","","","",0,"","survival_loot_pickup_weapon_shotgun","survival_loot_pickup_3p_weapon_shotgun","","","",1,1,"","",0,0,20,false,false,false,false
false,"mp_weapon_shotgun_pistol_purpleset","main_weapon","mp_weapon_shotgun_pistol","optic_cq_hcog_classic shotgun_bolt_l3 hopup_unshielded_dmg","sight mag hopup","pistol purpleset",3,"PING_WEAPON_MOZAMBIQUE","","","",0,"","survival_loot_pickup_weapon_shotgun","survival_loot_pickup_3p_weapon_shotgun","","","",1,1,"","",0,0,20,false,false,false,false
false,"mp_weapon_shotgun_pistol_gold","main_weapon","mp_weapon_shotgun_pistol","optic_cq_hcog_classic shotgun_bolt_l4 hopup_unshielded_dmg","sight mag hopup","pistol gold",4,"PING_WEAPON_MOZAMBIQUE","","","",0,"","survival_loot_pickup_weapon_shotgun","survival_loot_pickup_3p_weapon_shotgun","","","",1,1,"","",0,0,20,false,false,false,false
false,"mp_weapon_shotgun_pistol_light","main_weapon","","hopup_april_fools_light","sight","pistol",4,"PING_WEAPON_MOZAMBIQUE","rui/hud/gametype_icons/survival/sur_ammo_bullet","","",0,"","survival_loot_pickup_weapon_shotgun","survival_loot_pickup_3p_weapon_shotgun","","","",1,1,"","",0,0,20,false,false,false,false
false,"mp_weapon_shotgun_pistol_heavy","main_weapon","","hopup_april_fools_heavy","sight","pistol",4,"PING_WEAPON_MOZAMBIQUE","rui/hud/gametype_icons/survival/sur_ammo_bullet","","",0,"","survival_loot_pickup_weapon_shotgun","survival_loot_pickup_3p_weapon_shotgun","","","",1,1,"","",0,0,20,false,false,false,false
false,"mp_weapon_shotgun_pistol_sniper","main_weapon","","hopup_april_fools_sniper","sight","pistol",4,"PING_WEAPON_MOZAMBIQUE","rui/hud/gametype_icons/survival/sur_ammo_bullet","","",0,"","survival_loot_pickup_weapon_shotgun","survival_loot_pickup_3p_weapon_shotgun","","","",1,1,"","",0,0,20,false,false,false,false
false,"mp_weapon_shotgun_pistol_energy","main_weapon","","hopup_april_fools_energy","sight","pistol",4,"PING_WEAPON_MOZAMBIQUE","rui/hud/gametype_icons/survival/sur_ammo_bullet","","",0,"","survival_loot_pickup_weapon_shotgun","survival_loot_pickup_3p_weapon_shotgun","","","",1,1,"","",0,0,20,false,false,false,false
false,"mp_weapon_wingman","main_weapon","","","sight hopup","pistol",1,"PING_WEAPON_WINGMAN","","","",0,"","survival_loot_pickup_weapon_wingman","survival_loot_pickup_3p_weapon_wingman","","","",1,1,"","",0,0,20,false,false,false,false
false,"mp_weapon_wingman_crate","main_weapon","","crate hopup_headshot_dmg_elite optic_cq_hcog_classic","sight hopupMulti_a","pistol",5,"PING_WEAPON_WINGMAN","rui/hud/gametype_icons/survival/sur_ammo_kraber","","",0,"","survival_loot_pickup_weapon_wingman","survival_loot_pickup_3p_weapon_wingman","","","",1,1,"","",0,0,20,false,false,false,false
false,"mp_weapon_wingman_whiteset","main_weapon","mp_weapon_wingman","optic_cq_hcog_classic","sight","pistol whiteset",1,"PING_WEAPON_WINGMAN","","","",0,"","survival_loot_pickup_weapon_wingman","survival_loot_pickup_3p_weapon_wingman","","","",1,1,"","",0,0,20,false,false,false,false
false,"mp_weapon_wingman_blueset","main_weapon","mp_weapon_wingman","optic_cq_hcog_classic","sight","pistol blueset",2,"PING_WEAPON_WINGMAN","","","",0,"","survival_loot_pickup_weapon_wingman","survival_loot_pickup_3p_weapon_wingman","","","",1,1,"","",0,0,20,false,false,false,false
false,"mp_weapon_wingman_purpleset","main_weapon","mp_weapon_wingman","hopup_smart_reload optic_cq_hcog_classic","sight hopup","pistol purpleset",3,"PING_WEAPON_WINGMAN","","","",0,"","survival_loot_pickup_weapon_wingman","survival_loot_pickup_3p_weapon_wingman","","","",1,1,"","",0,0,20,false,false,false,false
false,"mp_weapon_wingman_gold","main_weapon","mp_weapon_wingman","hopup_smart_reload optic_cq_hcog_classic","sight hopup","pistol gold",4,"PING_WEAPON_WINGMAN","","","",0,"","survival_loot_pickup_weapon_wingman","survival_loot_pickup_3p_weapon_wingman","","","",1,1,"","",0,0,20,false,false,false,false
false,"mp_weapon_semipistol","main_weapon","","","sight mag barrel hopup","pistol",1,"PING_WEAPON_SEMIPISTOL","","","",0,"","survival_loot_pickup_weapon_semipistol","survival_loot_pickup_3p_weapon_semipistol","","","",1,1,"","",0,0,20,false,false,false,false
false,"mp_weapon_semipistol_whiteset","main_weapon","mp_weapon_semipistol","optic_cq_hcog_classic bullets_mag_l1 laser_sight_l1","sight mag barrel","pistol whiteset",1,"PING_WEAPON_SEMIPISTOL","","","",0,"","survival_loot_pickup_weapon_semipistol","survival_loot_pickup_3p_weapon_semipistol","","","",1,1,"","",0,0,20,false,false,false,false
false,"mp_weapon_semipistol_blueset","main_weapon","mp_weapon_semipistol","optic_cq_hcog_classic bullets_mag_l2 laser_sight_l2","sight mag barrel","pistol blueset",2,"PING_WEAPON_SEMIPISTOL","","","",0,"","survival_loot_pickup_weapon_semipistol","survival_loot_pickup_3p_weapon_semipistol","","","",1,1,"","",0,0,20,false,false,false,false
false,"mp_weapon_semipistol_purpleset","main_weapon","mp_weapon_semipistol","optic_cq_hcog_classic bullets_mag_l3 laser_sight_l3 hopup_unshielded_dmg","sight mag barrel hopup","pistol purpleset",3,"PING_WEAPON_SEMIPISTOL","","","",0,"","survival_loot_pickup_weapon_semipistol","survival_loot_pickup_3p_weapon_semipistol","","","",1,1,"","",0,0,20,false,false,false,false
false,"mp_weapon_semipistol_gold","main_weapon","mp_weapon_semipistol","optic_cq_hcog_classic bullets_mag_l4 laser_sight_l3 hopup_unshielded_dmg","sight mag barrel hopup","pistol gold",4,"PING_WEAPON_SEMIPISTOL","","","",0,"","survival_loot_pickup_weapon_semipistol","survival_loot_pickup_3p_weapon_semipistol","","","",1,1,"","",0,0,20,false,false,false,false
false,"mp_weapon_autopistol","main_weapon","","","sight mag barrel hopup","pistol",1,"PING_WEAPON_AUTOPISTOL","","","",0,"","survival_loot_pickup_weapon_autopistol","survival_loot_pickup_3p_weapon_autopistol","","","",1,1,"","",0,0,20,false,false,false,false
false,"mp_weapon_autopistol_crate","main_weapon","","crate optic_cq_hcog_classic bullets_mag_l4 laser_sight_l3 hopup_shield_breaker","sight hopup","pistol",5,"PING_WEAPON_AUTOPISTOL","rui/hud/gametype_icons/survival/sur_ammo_unique","","",0,"","survival_loot_pickup_weapon_autopistol","survival_loot_pickup_3p_weapon_autopistol","","","",1,1,"","",0,0,20,false,false,false,false
false,"mp_weapon_autopistol_whiteset","main_weapon","mp_weapon_autopistol","optic_cq_hcog_classic bullets_mag_l1 laser_sight_l1","sight mag barrel hopup","pistol whiteset",1,"PING_WEAPON_AUTOPISTOL","","","",0,"","survival_loot_pickup_weapon_autopistol","survival_loot_pickup_3p_weapon_autopistol","","","",1,1,"","",0,0,20,false,false,false,false
false,"mp_weapon_autopistol_blueset","main_weapon","mp_weapon_autopistol","optic_cq_hcog_classic bullets_mag_l2 laser_sight_l2","sight mag barrel hopup","pistol blueset",2,"PING_WEAPON_AUTOPISTOL","","","",0,"","survival_loot_pickup_weapon_autopistol","survival_loot_pickup_3p_weapon_autopistol","","","",1,1,"","",0,0,20,false,false,false,false
false,"mp_weapon_autopistol_purpleset","main_weapon","mp_weapon_autopistol","optic_cq_hcog_classic bullets_mag_l3 laser_sight_l3 hopup_unshielded_dmg","sight mag barrel hopup","pistol purpleset",3,"PING_WEAPON_AUTOPISTOL","","","",0,"","survival_loot_pickup_weapon_autopistol","survival_loot_pickup_3p_weapon_autopistol","","","",1,1,"","",0,0,20,false,false,false,false
false,"mp_weapon_autopistol_gold","main_weapon","mp_weapon_autopistol","optic_cq_hcog_classic bullets_mag_l4 laser_sight_l3 hopup_unshielded_dmg","sight mag barrel hopup","pistol gold",4,"PING_WEAPON_AUTOPISTOL","","","",0,"","survival_loot_pickup_weapon_autopistol","survival_loot_pickup_3p_weapon_autopistol","","","",1,1,"","",0,0,20,false,false,false,false
false,"mp_weapon_sentinel","main_weapon","","hopup_marksmans_tempo","sight mag grip","sniper",1,"PING_WEAPON_SENTINEL","","","",0,"","survival_loot_pickup_weapon_dmr","survival_loot_pickup_3p_weapon_dmr","","","",1,1,"","",0,0,20,false,false,false,false
false,"mp_weapon_sentinel_whiteset","main_weapon","mp_weapon_sentinel","optic_cq_hcog_bruiser sniper_mag_l1 stock_sniper_l1 hopup_marksmans_tempo","sight mag grip","sniper whiteset",1,"PING_WEAPON_SENTINEL","","","",0,"","survival_loot_pickup_weapon_dmr","survival_loot_pickup_3p_weapon_dmr","","","",1,1,"","",0,0,20,false,false,false,false
false,"mp_weapon_sentinel_blueset","main_weapon","mp_weapon_sentinel","optic_sniper sniper_mag_l2 stock_sniper_l2 hopup_marksmans_tempo","sight mag grip","sniper blueset",2,"PING_WEAPON_SENTINEL","","","",0,"","survival_loot_pickup_weapon_dmr","survival_loot_pickup_3p_weapon_dmr","","","",1,1,"","",0,0,20,false,false,false,false
false,"mp_weapon_sentinel_purpleset","main_weapon","mp_weapon_sentinel","optic_sniper_variable sniper_mag_l3 stock_sniper_l3 hopup_marksmans_tempo","sight mag grip","sniper purpleset",3,"PING_WEAPON_SENTINEL","","","",0,"","survival_loot_pickup_weapon_dmr","survival_loot_pickup_3p_weapon_dmr","","","",1,1,"","",0,0,20,false,false,false,false
false,"mp_weapon_sentinel_gold","main_weapon","mp_weapon_sentinel","optic_sniper_threat sniper_mag_l4 stock_sniper_l3 hopup_marksmans_tempo","sight mag grip","sniper gold",4,"PING_WEAPON_SENTINEL","","","",0,"","survival_loot_pickup_weapon_dmr","survival_loot_pickup_3p_weapon_dmr","","","",1,1,"","",0,0,20,false,false,false,false
false,"mp_weapon_bow","main_weapon","mp_weapon_bow","crate optic_ranged_hcog hopup_shatter_rounds hopup_marksmans_tempo altfire_shatter","sight hopupMulti_a","marksman",5,"PING_WEAPON_BOW","rui/hud/gametype_icons/survival/sur_ammo_bocek","","",0,"","survival_loot_pickup_weapon_r97","survival_loot_pickup_3p_weapon_r97","","","",1,1,"","",0,0,20,false,false,false,false
false,"mp_weapon_bow_cupid","main_weapon","mp_weapon_bow","crate optic_ranged_hcog hopup_marksmans_tempo cupid","sight","marksman",5,"PING_WEAPON_BOW","rui/hud/gametype_icons/survival/sur_ammo_bocek","","",0,"","survival_loot_pickup_weapon_r97","survival_loot_pickup_3p_weapon_r97","","","",60,1,"","",0,0,20,false,false,false,false
false,"mp_weapon_3030","main_weapon","","","sight mag grip","marksman",1,"PING_WEAPON_3030","","","",0,"","survival_loot_pickup_weapon_3030","survival_loot_pickup_3p_weapon_3030","","","",1,1,"","",0,0,20,false,false,false,false
false,"mp_weapon_3030_whiteset","main_weapon","mp_weapon_3030","optic_cq_hcog_classic highcal_mag_l1 stock_sniper_l1","sight mag grip","marksman whiteset",1,"PING_WEAPON_3030","","","",0,"","survival_loot_pickup_weapon_3030","survival_loot_pickup_3p_weapon_3030","","","",1,1,"","",0,0,20,false,false,false,false
false,"mp_weapon_3030_blueset","main_weapon","mp_weapon_3030","optic_cq_hcog_bruiser highcal_mag_l2 stock_sniper_l2","sight mag grip","marksman blueset",2,"PING_WEAPON_3030","","","",0,"","survival_loot_pickup_weapon_3030","survival_loot_pickup_3p_weapon_3030","","","",1,1,"","",0,0,20,false,false,false,false
false,"mp_weapon_3030_purpleset","main_weapon","mp_weapon_3030","optic_ranged_aog_variable highcal_mag_l3 stock_sniper_l3","sight mag grip","marksman purpleset",3,"PING_WEAPON_3030","","","",0,"","survival_loot_pickup_weapon_3030","survival_loot_pickup_3p_weapon_3030","","","",1,1,"","",0,0,20,false,false,false,false
false,"mp_weapon_3030_gold","main_weapon","mp_weapon_3030","optic_ranged_aog_variable highcal_mag_l4 stock_sniper_l3","sight mag grip","marksman gold",4,"PING_WEAPON_3030","","","",0,"","survival_loot_pickup_weapon_3030","survival_loot_pickup_3p_weapon_3030","","","",1,1,"","",0,0,20,false,false,false,false
false,"hopup_dual_loader","attachment","","","","",3,"PING_ATTACHMENT_HOPUP_DUAL_SHELL","","rui/pilot_loadout/mods/hopup_dualshell","mdl/weapons_r5/loot/_master/w_loot_wep_mods_chip.rmdl",0,"survival_loot_attach_stabilizer","survival_loot_pickup_attachments","survival_loot_pickup_3p_attachments","","","",1,1,"","",0,0,10,false,false,false,false
false,"mp_weapon_nemesis","main_weapon","","","sight mag barrel grip","assault",1,"PING_WEAPON_NEMESIS","","","",0,"","survival_loot_pickup_weapon_nemesis","survival_loot_pickup_3p_weapon_nemesis","","","",1,1,"","",0,0,20,false,false,false,false
false,"mp_weapon_nemesis_whiteset","main_weapon","mp_weapon_nemesis","optic_cq_hcog_classic energy_mag_l1 barrel_stabilizer_l1 stock_tactical_l1","sight mag barrel grip","assault whiteset",1,"PING_WEAPON_NEMESIS","","","",0,"","survival_loot_pickup_weapon_nemesis","survival_loot_pickup_3p_weapon_nemesis","","","",1,1,"","",0,0,20,false,false,false,false
false,"mp_weapon_nemesis_blueset","main_weapon","mp_weapon_nemesis","optic_cq_hcog_bruiser energy_mag_l2 barrel_stabilizer_l2 stock_tactical_l2","sight mag barrel grip","assault blueset",2,"PING_WEAPON_NEMESIS","","","",0,"","survival_loot_pickup_weapon_nemesis","survival_loot_pickup_3p_weapon_nemesis","","","",1,1,"","",0,0,20,false,false,false,false
false,"mp_weapon_nemesis_purpleset","main_weapon","mp_weapon_nemesis","optic_cq_hcog_bruiser energy_mag_l3 barrel_stabilizer_l3 stock_tactical_l3","sight mag barrel grip","assault purpleset",3,"PING_WEAPON_NEMESIS","","","",0,"","survival_loot_pickup_weapon_nemesis","survival_loot_pickup_3p_weapon_nemesis","","","",1,1,"","",0,0,20,false,false,false,false
false,"mp_weapon_nemesis_gold","main_weapon","mp_weapon_nemesis","optic_cq_hcog_bruiser energy_mag_l4 barrel_stabilizer_l3 stock_tactical_l3","sight mag barrel grip","assault gold",4,"PING_WEAPON_NEMESIS","","","",0,"","survival_loot_pickup_weapon_nemesis","survival_loot_pickup_3p_weapon_nemesis","","","",1,1,"","",0,0,20,false,false,false,false
false,"bullet","ammo","","","","",1,"PING_AMMO_BULLET","","rui/hud/gametype_icons/survival/sur_ammo_bullet","mdl/weapons_r5/loot/_master/w_loot_wep_ammo_sc.rmdl",0,"","survival_loot_pickup_LightAmmo","survival_loot_pickup_3p_LightAmmo","","#SURVIVAL_PICKUP_BULLETS","#SURVIVAL_PICKUP_BULLETS_HINT",20,60,"","",0,0,0,false,false,false,false
false,"special","ammo","","","","",1,"PING_AMMO_SPECIAL","","rui/hud/gametype_icons/survival/sur_ammo_special","mdl/weapons_r5/loot/_master/w_loot_wep_ammo_nrg.rmdl",0,"","survival_loot_pickup_EnergyPack","survival_loot_pickup_3p_EnergyPack","","#SURVIVAL_PICKUP_SPECIAL","#SURVIVAL_PICKUP_SPECIAL_HINT",20,60,"","",0,0,0,false,false,false,false
false,"shotgun","ammo","","","","",1,"PING_AMMO_SHOTGUN","","rui/hud/gametype_icons/survival/sur_ammo_shotgun","mdl/weapons_r5/loot/_master/w_loot_wep_ammo_shg.rmdl",0,"","survival_loot_pickup_ShotgunShells","survival_loot_pickup_3p_ShotgunShells","","#SURVIVAL_PICKUP_SHOTGUN","#SURVIVAL_PICKUP_SHOTGUN_HINT",8,16,"","",0,0,0,false,false,false,false
false,"highcal","ammo","","","","",1,"PING_AMMO_HIGHCAL","","rui/hud/gametype_icons/survival/sur_ammo_bullet_large","mdl/weapons_r5/loot/_master/w_loot_wep_ammo_hc.rmdl",0,"","survival_loot_pickup_HeavyAmmo","survival_loot_pickup_3p_HeavyAmmo","","#SURVIVAL_PICKUP_BULLETS_LARGE","#SURVIVAL_PICKUP_BULLETS_LARGE_HINT",20,60,"","",0,0,0,false,false,false,false
false,"sniper","ammo","","","","",1,"PING_AMMO_SNIPER","","rui/hud/gametype_icons/survival/sur_ammo_sniper","mdl/weapons_r5/loot/_master/w_loot_wep_ammo_sniper.rmdl",0,"","survival_loot_pickup_sniper","survival_loot_pickup_3p_sniper","","#SURVIVAL_PICKUP_SNIPER","#SURVIVAL_PICKUP_SNIPER_HINT",14,28,"","",0,0,0,false,false,false,false
true,"arrows","ammo","","","","",1,"PING_AMMO_ARROWS","","rui/hud/gametype_icons/survival/sur_ammo_arrows","mdl/weapons_r5/loot/_master/w_loot_wep_arrows_mn.rmdl",0,"","survival_loot_pickup_arrows","survival_loot_pickup_3p_arrows","","#SURVIVAL_PICKUP_ARROWS","#SURVIVAL_PICKUP_ARROWS_HINT",16,32,"","",0,0,0,false,false,false,false
false,"mp_weapon_dragon_lmg","main_weapon","","","sight barrel grip mag","lmg",1,"PING_WEAPON_DRAGON","","","",0,"","survival_loot_pickup_weapon_lmg","survival_loot_pickup_3p_weapon_lmg","","","",1,1,"","",0,0,20,false,false,false,false
false,"mp_weapon_dragon_lmg_whiteset","main_weapon","mp_weapon_dragon_lmg","optic_cq_hcog_classic barrel_stabilizer_l1 stock_tactical_l1 highcal_mag_l1","sight barrel grip mag","lmg whiteset",1,"PING_WEAPON_DRAGON","","","",0,"","survival_loot_pickup_weapon_lmg","survival_loot_pickup_3p_weapon_lmg","","","",1,1,"","",0,0,20,false,false,false,false
false,"mp_weapon_dragon_lmg_blueset","main_weapon","mp_weapon_dragon_lmg","optic_cq_hcog_bruiser barrel_stabilizer_l2 stock_tactical_l2 highcal_mag_l2","sight barrel grip mag","lmg blueset",2,"PING_WEAPON_DRAGON","","","",0,"","survival_loot_pickup_weapon_lmg","survival_loot_pickup_3p_weapon_lmg","","","",1,1,"","",0,0,20,false,false,false,false
false,"mp_weapon_dragon_lmg_purpleset","main_weapon","mp_weapon_dragon_lmg","optic_cq_hcog_bruiser barrel_stabilizer_l3 stock_tactical_l3 highcal_mag_l3","sight barrel grip mag","lmg purpleset",3,"PING_WEAPON_DRAGON","","","",0,"","survival_loot_pickup_weapon_lmg","survival_loot_pickup_3p_weapon_lmg","","","",1,1,"","",0,0,20,false,false,false,false
false,"mp_weapon_dragon_lmg_gold","main_weapon","mp_weapon_dragon_lmg","optic_cq_hcog_bruiser highcal_mag_l4 barrel_stabilizer_l3 stock_tactical_l3","sight barrel grip mag","lmg gold",4,"PING_WEAPON_DRAGON","","","",0,"","survival_loot_pickup_weapon_lmg","survival_loot_pickup_3p_weapon_lmg","","","",1,1,"","",0,0,20,false,false,false,false
false,"mp_weapon_car","main_weapon","","","sight mag grip","smg",1,"PING_WEAPON_CAR","","","",0,"","survival_loot_pickup_weapon_r97","survival_loot_pickup_3p_weapon_r97","","","",1,1,"","",0,0,20,false,false,false,false
false,"mp_weapon_car_whiteset","main_weapon","mp_weapon_car","optic_cq_hcog_classic highcal_mag_l1 stock_tactical_l1","sight mag grip","smg whiteset",1,"PING_WEAPON_CAR","","","",0,"","survival_loot_pickup_weapon_r97","survival_loot_pickup_3p_weapon_r97","","","",1,1,"","",0,0,20,false,false,false,false
false,"mp_weapon_car_blueset","main_weapon","mp_weapon_car","optic_cq_hcog_classic highcal_mag_l2 stock_tactical_l2","sight mag grip","smg blueset",2,"PING_WEAPON_CAR","","","",0,"","survival_loot_pickup_weapon_r97","survival_loot_pickup_3p_weapon_r97","","","",1,1,"","",0,0,20,false,false,false,false
false,"mp_weapon_car_purpleset","main_weapon","mp_weapon_car","optic_cq_hcog_classic highcal_mag_l3 stock_tactical_l3","sight mag grip","smg purpleset",3,"PING_WEAPON_CAR","","","",0,"","survival_loot_pickup_weapon_r97","survival_loot_pickup_3p_weapon_r97","","","",1,1,"","",0,0,20,false,false,false,false
false,"mp_weapon_car_gold","main_weapon","mp_weapon_car","optic_cq_hcog_classic highcal_mag_l4 stock_tactical_l3","sight mag grip","smg gold",4,"PING_WEAPON_CAR","","","",0,"","survival_loot_pickup_weapon_r97","survival_loot_pickup_3p_weapon_r97","","","",1,1,"","",0,0,20,false,false,false,false
false,"mp_weapon_car_paintball_blueset","main_weapon","mp_weapon_car","paintball optic_cq_hcog_classic highcal_mag_l2 stock_tactical_l2","sight mag grip hopup","smg blueset",2,"PING_WEAPON_CAR_RAMPARTSPECIAL","","","",0,"","survival_loot_pickup_weapon_r97","survival_loot_pickup_3p_weapon_r97","","","",1,1,"","",0,0,20,false,false,false,false
false,"mp_weapon_semipistol_paintball_blueset","main_weapon","mp_weapon_semipistol","paintball optic_cq_hcog_classic bullets_mag_l2 laser_sight_l2","sight mag barrel hopup","pistol blueset",2,"PING_WEAPON_SEMIPISTOL_RAMPARTSPECIAL","","","",0,"","survival_loot_pickup_weapon_semipistol","survival_loot_pickup_3p_weapon_semipistol","","","",1,1,"","",0,0,20,false,false,false,false
false,"mp_weapon_shotgun_pistol_paintball_blueset","main_weapon","mp_weapon_shotgun_pistol","paintball optic_cq_hcog_classic shotgun_bolt_l2","sight mag hopup","pistol blueset",2,"PING_WEAPON_MOZAMBIQUE_RAMPARTSPECIAL","","","",0,"","survival_loot_pickup_weapon_shotgun","survival_loot_pickup_3p_weapon_shotgun","","","",1,1,"","",0,0,20,false,false,false,false
false,"mp_weapon_alternator_smg_paintball_blueset","main_weapon","mp_weapon_alternator_smg","paintball optic_cq_hcog_classic bullets_mag_l2 laser_sight_l2 stock_tactical_l2","sight mag barrel grip hopup","smg blueset",2,"PING_WEAPON_ALTERNATOR_RAMPARTSPECIAL","","","",0,"","survival_loot_pickup_weapon_alternator_smg","survival_loot_pickup_3p_weapon_alternator_smg","","","",1,1,"","",0,0,20,false,false,false,false
false,"mp_weapon_g2_paintball_blueset","main_weapon","mp_weapon_g2","paintball optic_ranged_aog_variable bullets_mag_l2 barrel_stabilizer_l2 stock_sniper_l2","sight mag barrel grip hopup","marksman blueset",2,"PING_WEAPON_G7_RAMPARTSPECIAL","","","",0,"","survival_loot_pickup_weapon_g2","survival_loot_pickup_3p_weapon_g2","","","",1,1,"","",0,0,20,false,false,false,false
false,"mp_weapon_hemlok_paintball_blueset","main_weapon","mp_weapon_hemlok","paintball optic_cq_hcog_bruiser highcal_mag_l2 barrel_stabilizer_l2 stock_tactical_l2","sight mag barrel grip hopup","assault blueset",2,"PING_WEAPON_HEMLOK_RAMPARTSPECIAL","","","",0,"","survival_loot_pickup_weapon_hemlok","survival_loot_pickup_3p_weapon_hemlok","","","",1,1,"","",0,0,20,false,false,false,false
false,"mp_weapon_r97_paintball_blueset","main_weapon","mp_weapon_r97","paintball optic_cq_hcog_classic bullets_mag_l2 laser_sight_l2 stock_tactical_l2","sight mag barrel grip hopup","smg blueset",2,"PING_WEAPON_R97_RAMPARTSPECIAL","","","",0,"","survival_loot_pickup_weapon_r97","survival_loot_pickup_3p_weapon_r97","","","",1,1,"","",0,0,20,false,false,false,false
false,"mp_weapon_mastiff_paintball_blueset","main_weapon","mp_weapon_mastiff","paintball optic_cq_hcog_classic shotgun_bolt_l2 stock_tactical_l2","sight mag grip hopup","shotgun blueset",2,"PING_WEAPON_MASTIFF_RAMPARTSPECIAL","","","",0,"","survival_loot_pickup_weapon_mastiff","survival_loot_pickup_3p_weapon_mastiff","","","",1,1,"","",0,0,20,false,false,false,false
false,"mp_weapon_3030_paintball_blueset","main_weapon","mp_weapon_3030","paintball optic_cq_hcog_bruiser highcal_mag_l2 stock_sniper_l2","sight mag grip hopup","marksman blueset",2,"PING_WEAPON_3030_RAMPARTSPECIAL","","","",0,"","survival_loot_pickup_weapon_3030","survival_loot_pickup_3p_weapon_3030","","","",1,1,"","",0,0,20,false,false,false,false
false,"mp_weapon_autopistol_paintball_purpleset","main_weapon","mp_weapon_autopistol","paintball optic_cq_hcog_classic  bullets_mag_l3 laser_sight_l3","sight mag barrel hopup","pistol purpleset",3,"PING_WEAPON_AUTOPISTOL_RAMPARTSPECIAL","","","",0,"","survival_loot_pickup_weapon_autopistol","survival_loot_pickup_3p_weapon_autopistol","","","",1,1,"","",0,0,20,false,false,false,false
false,"mp_weapon_3030_paintball_purpleset","main_weapon","mp_weapon_3030","paintball optic_ranged_aog_variable highcal_mag_l3 stock_sniper_l3","sight mag grip hopup","marksman purpleset",3,"PING_WEAPON_3030_RAMPARTSPECIAL","","","",0,"","survival_loot_pickup_weapon_3030","survival_loot_pickup_3p_weapon_3030","","","",1,1,"","",0,0,20,false,false,false,false
false,"mp_weapon_wingman_paintball_purpleset","main_weapon","mp_weapon_wingman","paintball optic_cq_hcog_classic sniper_mag_l3","sight mag hopup","pistol purpleset",3,"PING_WEAPON_WINGMAN_RAMPARTSPECIAL","","","",0,"","survival_loot_pickup_weapon_wingman","survival_loot_pickup_3p_weapon_wingman","","","",1,1,"","",0,0,20,false,false,false,false
false,"mp_weapon_shotgun_paintball_purpleset","main_weapon","mp_weapon_shotgun","paintball shotgun_bolt_l3 optic_cq_hcog_classic stock_tactical_l3","sight mag grip hopup","shotgun purpleset",3,"PING_WEAPON_EVA_RAMPARTSPECIAL","","","",0,"","survival_loot_pickup_weapon_shotgun","survival_loot_pickup_3p_weapon_shotgun","","","",1,1,"","",0,0,20,false,false,false,false
false,"mp_weapon_lmg_paintball_purpleset","main_weapon","mp_weapon_lmg","paintball optic_cq_hcog_bruiser stock_tactical_l3 bullets_mag_l3 barrel_stabilizer_l3","sight grip mag barrel hopup","lmg purpleset",3,"PING_WEAPON_SPITFIRE_RAMPARTSPECIAL","","","",0,"","survival_loot_pickup_weapon_lmg","survival_loot_pickup_3p_weapon_lmg","","","",1,1,"","",0,0,20,false,false,false,false
false,"mp_weapon_dragon_lmg_paintball_purpleset","main_weapon","mp_weapon_dragon_lmg","paintball optic_cq_hcog_bruiser barrel_stabilizer_l3 stock_tactical_l3 highcal_mag_l3","sight barrel grip mag hopup","lmg purpleset",3,"PING_WEAPON_DRAGON_RAMPARTSPECIAL","","","",0,"","survival_loot_pickup_weapon_lmg","survival_loot_pickup_3p_weapon_lmg","","","",1,1,"","",0,0,20,false,false,false,false
false,"mp_weapon_vinson_paintball_purpleset","main_weapon","mp_weapon_vinson","paintball optic_cq_hcog_bruiser highcal_mag_l3 stock_tactical_l3","sight mag grip hopup","assault purpleset",3,"PING_WEAPON_FLATLINE_RAMPARTSPECIAL","","","",0,"","survival_loot_pickup_weapon_vinson","survival_loot_pickup_3p_weapon_vinson","","","",1,1,"","",0,0,20,false,false,false,false
false,"mp_weapon_pdw_paintball_purpleset","main_weapon","mp_weapon_pdw","paintball optic_cq_hcog_classic highcal_mag_l3 laser_sight_l3 stock_tactical_l3","sight mag barrel grip hopup","smg purpleset",3,"PING_WEAPON_PROWLER_RAMPARTSPECIAL","","","",0,"","survival_loot_pickup_weapon_mastiff","survival_loot_pickup_3p_weapon_mastiff","","","",1,1,"","",0,0,20,false,false,false,false
false,"mp_weapon_dmr_paintball_purpleset","main_weapon","mp_weapon_dmr","paintball optic_sniper_variable sniper_mag_l3 barrel_stabilizer_l3 stock_sniper_l3","sight mag barrel grip hopup","sniper purpleset",3,"PING_WEAPON_DMR_RAMPARTSPECIAL","","","",0,"","survival_loot_pickup_weapon_dmr","survival_loot_pickup_3p_weapon_dmr","","","",1,1,"","",0,0,20,false,false,false,false
false,"mp_weapon_3030_paintball_gold","main_weapon","mp_weapon_3030","paintball optic_ranged_aog_variable highcal_mag_l4 stock_sniper_l3","sight mag grip hopup","marksman gold",4,"PING_WEAPON_3030_RAMPARTSPECIAL","","","",0,"","survival_loot_pickup_weapon_3030","survival_loot_pickup_3p_weapon_3030","","","",1,1,"","",0,0,20,false,false,false,false
false,"mp_weapon_dragon_lmg_paintball_gold","main_weapon","mp_weapon_dragon_lmg","paintball optic_cq_hcog_bruiser barrel_stabilizer_l3 stock_tactical_l3 highcal_mag_l4","sight barrel grip mag hopup","lmg gold",4,"PING_WEAPON_DRAGON_RAMPARTSPECIAL","","","",0,"","survival_loot_pickup_weapon_lmg","survival_loot_pickup_3p_weapon_lmg","","","",1,1,"","",0,0,20,false,false,false,false
false,"mp_weapon_autopistol_paintball_gold","main_weapon","mp_weapon_autopistol","paintball optic_cq_hcog_classic bullets_mag_l4 laser_sight_l3","sight mag barrel hopup","pistol gold",4,"PING_WEAPON_AUTOPISTOL_RAMPARTSPECIAL","","","",0,"","survival_loot_pickup_weapon_autopistol","survival_loot_pickup_3p_weapon_autopistol","","","",1,1,"","",0,0,20,false,false,false,false
false,"mp_weapon_semipistol_paintball_gold","main_weapon","mp_weapon_semipistol","paintball optic_cq_hcog_classic bullets_mag_l4 laser_sight_l3","sight mag barrel hopup","pistol gold",4,"PING_WEAPON_SEMIPISTOL_RAMPARTSPECIAL","","","",0,"","survival_loot_pickup_weapon_semipistol","survival_loot_pickup_3p_weapon_semipistol","","","",1,1,"","",0,0,20,false,false,false,false
false,"mp_weapon_shotgun_pistol_paintball_gold","main_weapon","mp_weapon_shotgun_pistol","paintball optic_cq_hcog_classic shotgun_bolt_l4","sight mag hopup","pistol gold",4,"PING_WEAPON_MOZAMBIQUE_RAMPARTSPECIAL","","","",0,"","survival_loot_pickup_weapon_shotgun","survival_loot_pickup_3p_weapon_shotgun","","","",1,1,"","",0,0,20,false,false,false,false
false,"mp_weapon_wingman_paintball_gold","main_weapon","mp_weapon_wingman","paintball optic_cq_hcog_classic sniper_mag_l4","sight mag hopup","pistol gold",4,"PING_WEAPON_WINGMAN_RAMPARTSPECIAL","","","",0,"","survival_loot_pickup_weapon_wingman","survival_loot_pickup_3p_weapon_wingman","","","",1,1,"","",0,0,20,false,false,false,false
false,"mp_weapon_shotgun_paintball_gold","main_weapon","mp_weapon_shotgun","paintball optic_cq_hcog_classic shotgun_bolt_l4 stock_tactical_l3","sight mag hopup grip","shotgun gold",4,"PING_WEAPON_EVA_RAMPARTSPECIAL","","","",0,"","survival_loot_pickup_weapon_shotgun","survival_loot_pickup_3p_weapon_shotgun","","","",1,1,"","",0,0,20,false,false,false,false
false,"mp_weapon_mastiff_paintball_gold","main_weapon","mp_weapon_mastiff","paintball optic_cq_hcog_classic shotgun_bolt_l4 stock_tactical_l3","sight mag hopup grip","shotgun gold",4,"PING_WEAPON_MASTIFF_RAMPARTSPECIAL","","","",0,"","survival_loot_pickup_weapon_mastiff","survival_loot_pickup_3p_weapon_mastiff","","","",1,1,"","",0,0,20,false,false,false,false
false,"mp_weapon_pdw_paintball_gold","main_weapon","mp_weapon_pdw","paintball optic_cq_hcog_classic highcal_mag_l4 laser_sight_l3 stock_tactical_l3","sight mag barrel grip hopup","smg gold",4,"PING_WEAPON_PROWLER_RAMPARTSPECIAL","","","",0,"","survival_loot_pickup_weapon_mastiff","survival_loot_pickup_3p_weapon_mastiff","","","",1,1,"","",0,0,20,false,false,false,false
false,"mp_weapon_r97_paintball_gold","main_weapon","mp_weapon_r97","paintball optic_cq_hcog_classic bullets_mag_l4 laser_sight_l3 stock_tactical_l3","sight mag barrel grip hopup","smg gold",4,"PING_WEAPON_R97_RAMPARTSPECIAL","","","",0,"","survival_loot_pickup_weapon_r97","survival_loot_pickup_3p_weapon_r97","","","",1,1,"","",0,0,20,false,false,false,false
false,"mp_weapon_vinson_paintball_gold","main_weapon","mp_weapon_vinson","paintball optic_cq_hcog_bruiser highcal_mag_l4 stock_tactical_l3","sight mag grip hopup","assault gold",4,"PING_WEAPON_FLATLINE_RAMPARTSPECIAL","","","",0,"","survival_loot_pickup_weapon_vinson","survival_loot_pickup_3p_weapon_vinson","","","",1,1,"","",0,0,20,false,false,false,false
false,"mp_weapon_hemlok_paintball_gold","main_weapon","mp_weapon_hemlok","paintball optic_cq_hcog_bruiser highcal_mag_l4 barrel_stabilizer_l3 stock_tactical_l3","sight mag barrel grip hopup","assault gold",4,"PING_WEAPON_HEMLOK_RAMPARTSPECIAL","","","",0,"","survival_loot_pickup_weapon_hemlok","survival_loot_pickup_3p_weapon_hemlok","","","",1,1,"","",0,0,20,false,false,false,false
false,"mp_weapon_rspn101_paintball_gold","main_weapon","mp_weapon_rspn101","paintball optic_cq_hcog_bruiser bullets_mag_l4 barrel_stabilizer_l3 stock_tactical_l3","sight mag barrel grip hopup","assault gold",4,"PING_WEAPON_R201_RAMPARTSPECIAL","","","",0,"","survival_loot_pickup_weapon_rspn101","survival_loot_pickup_3p_weapon_rspn101","","","",1,1,"","",0,0,20,false,false,false,false
false,"mp_weapon_g2_paintball_gold","main_weapon","mp_weapon_g2","paintball optic_ranged_aog_variable bullets_mag_l4 barrel_stabilizer_l3 stock_sniper_l3","sight mag barrel grip hopup","marksman gold",4,"PING_WEAPON_G7_RAMPARTSPECIAL","","","",0,"","survival_loot_pickup_weapon_g2","survival_loot_pickup_3p_weapon_g2","","","",1,1,"","",0,0,20,false,false,false,false
false,"mp_weapon_dmr_paintball_gold","main_weapon","mp_weapon_dmr","paintball optic_sniper_threat sniper_mag_l4 barrel_stabilizer_l3 stock_sniper_l3","sight mag barrel grip hopup","sniper gold",4,"PING_WEAPON_DMR_RAMPARTSPECIAL","","","",0,"","survival_loot_pickup_weapon_dmr","survival_loot_pickup_3p_weapon_dmr","","","",1,1,"","",0,0,20,false,false,false,false
false,"health_pickup_ultimate","health","","","","",2,"PING_ITEM_ULTIMATE_ENERGY","","rui/hud/loot/loot_health_ultimate","mdl/weapons_r5/loot/w_loot_wep_iso_ultimate_accelerant.rmdl",0,"","survival_loot_pickup_Ultimate","survival_loot_pickup_Ultimate_3p","","#SURVIVAL_PICKUP_HEALTH_ULTIMATE","#SURVIVAL_PICKUP_HEALTH_ULTIMATE_HINT",1,1,"","",0,0,5,true,false,false,false
false,"health_pickup_combo_full","health","","","","",3,"PING_ITEM_COMBO_FULL","","rui/hud/loot/loot_stim_combo_full","mdl/weapons_r5/loot/w_loot_wep_iso_phoenix_kit_v1.rmdl",0,"","survival_loot_pickup_battery_shield","survival_loot_pickup_Battery_Shield_3p","","#SURVIVAL_PICKUP_HEALTH_COMBO_FULL","#SURVIVAL_PICKUP_HEALTH_COMBO_FULL_HINT",1,1,"","",0,0,10,false,false,false,false
false,"health_pickup_health_large","health","","","","",2,"PING_ITEM_HEALTH_LARGE","","rui/hud/loot/loot_stim_health_large","mdl/weapons_r5/loot/w_loot_wep_iso_health_main_large.rmdl",0,"","survival_loot_pickup_Medkit","survival_loot_pickup_Medkit_3P","","#SURVIVAL_PICKUP_HEALTH_LARGE","#SURVIVAL_PICKUP_HEALTH_LARGE_HINT",1,2,"","",0,0,10,true,false,false,false
false,"health_pickup_health_small","health","","","","",1,"PING_ITEM_HEALTH_SMALL","","rui/hud/loot/loot_stim_health_small","mdl/weapons_r5/loot/w_loot_wep_iso_health_main_small.rmdl",0,"","survival_loot_pickup_Medkit","survival_loot_pickup_Medkit_3P","","#SURVIVAL_PICKUP_HEALTH_SMALL","#SURVIVAL_PICKUP_HEALTH_SMALL_HINT",2,4,"","",0,0,5,true,false,false,false
false,"health_pickup_combo_large","health","","","","",2,"PING_ITEM_SHIELD_LARGE","","rui/hud/loot/loot_stim_shield_large","mdl/weapons_r5/loot/w_loot_wep_iso_shield_battery_large.rmdl",0,"","survival_loot_pickup_battery_shield","survival_loot_pickup_Battery_Shield_3p","","#SURVIVAL_PICKUP_HEALTH_COMBO_LARGE","#SURVIVAL_PICKUP_HEALTH_COMBO_LARGE_HINT",1,2,"","",0,0,10,false,false,false,false
false,"health_pickup_combo_small","health","","","","",1,"PING_ITEM_SHIELD_SMALL","","rui/hud/loot/loot_stim_shield_small","mdl/weapons_r5/loot/w_loot_wep_iso_shield_battery_small.rmdl",0,"","survival_loot_pickup_battery_shield","survival_loot_pickup_Battery_Shield_3p","","#SURVIVAL_PICKUP_HEALTH_COMBO_SMALL","#SURVIVAL_PICKUP_HEALTH_COMBO_SMALL_HINT",2,4,"","",0,0,5,false,false,false,false
false,"helmet_pickup_lv1","helmet","","","","",1,"PING_EQUIPMENT_HELMET_1","","rui/hud/loot/loot_helmet_1","mdl/weapons_r5/loot/_master/w_loot_cha_shield_upgrade_head.rmdl",0,"","survival_loot_pickup_suits_lvl_01","survival_loot_pickup_3p_suits_lvl_01","weapon_sentryfragdrone_throw_1p","#SURVIVAL_PICKUP_HELMET_1","#SURVIVAL_PICKUP_HELMET_1_HINT",1,1,"","",0,0,10,false,false,false,false
false,"helmet_pickup_lv2","helmet","","","","",2,"PING_EQUIPMENT_HELMET_2","","rui/hud/loot/loot_helmet_2","mdl/weapons_r5/loot/_master/w_loot_cha_shield_upgrade_head.rmdl",0,"","survival_loot_pickup_suits_lvl_02","survival_loot_pickup_3p_suits_lvl_02","weapon_sentryfragdrone_throw_1p","#SURVIVAL_PICKUP_HELMET_2","#SURVIVAL_PICKUP_HELMET_2_HINT",1,1,"","",0,0,10,false,false,false,false
false,"helmet_pickup_lv3","helmet","","","","",3,"PING_EQUIPMENT_HELMET_3","","rui/hud/loot/loot_helmet_3","mdl/weapons_r5/loot/_master/w_loot_cha_shield_upgrade_head.rmdl",0,"","survival_loot_pickup_suits_lvl_03","survival_loot_pickup_3p_suits_lvl_03","weapon_sentryfragdrone_throw_1p","#SURVIVAL_PICKUP_HELMET_3","#SURVIVAL_PICKUP_HELMET_3_HINT",1,1,"","",0,0,10,false,false,false,false
false,"helmet_pickup_lv4_abilities","helmet","","","","",4,"PING_EQUIPMENT_HELMET_4","","rui/hud/loot/loot_helmet_3","mdl/weapons_r5/loot/_master/w_loot_cha_shield_upgrade_head.rmdl",0,"","survival_loot_pickup_suits_lvl_04","survival_loot_pickup_3p_suits_lvl_04","weapon_sentryfragdrone_throw_1p","#SURVIVAL_PICKUP_HELMET_4","#SURVIVAL_PICKUP_HELMET_4_HINT",1,1,"","PAS_REDUCED_COOLDOWNS_TAC_ULT",0,0,10,false,false,false,false
false,"helmet_pickup_lv5_sunglasses","helmet","","","","",5,"","","rui/pilot_loadout/mods/heatwave_sunglasses","mdl/weapons_r5/misc_eyewear/sunglasses_01/dmx/w_s16_sunglasses.rmdl",0,"","survival_loot_pickup_suits_lvl_04","survival_loot_pickup_3p_suits_lvl_04","weapon_sentryfragdrone_throw_1p","#SURVIVAL_PICKUP_HELMET_5_SUNGLASSES","#SURVIVAL_PICKUP_HELMET_5_SUNGLASSES_HINT",1,1,"","",0,0,10,false,false,false,false
false,"armor_pickup_lv0","armor","","","","",0,"PING_EQUIPMENT_ARMOR_1","","rui/hud/loot/loot_armor_1","mdl/weapons_r5/loot/_master/w_loot_cha_shield_upgrade_body.rmdl",0,"","survival_loot_pickup_suits_lvl_01","survival_loot_pickup_3p_suits_lvl_01","weapon_sentryfragdrone_throw_1p","#SURVIVAL_PICKUP_ARMOR_1","#SURVIVAL_PICKUP_ARMOR_0_HINT",1,1,"","",0,0,20,false,false,false,false
false,"armor_pickup_lv1","armor","","","","",1,"PING_EQUIPMENT_ARMOR_1","","rui/hud/loot/loot_armor_1","mdl/weapons_r5/loot/_master/w_loot_cha_shield_upgrade_body.rmdl",0,"","survival_loot_pickup_suits_lvl_01","survival_loot_pickup_3p_suits_lvl_01","weapon_sentryfragdrone_throw_1p","#SURVIVAL_PICKUP_ARMOR_1","#SURVIVAL_PICKUP_ARMOR_1_HINT",1,1,"","",0,0,20,false,false,false,false
false,"armor_pickup_lv2","armor","","","","",2,"PING_EQUIPMENT_ARMOR_2","","rui/hud/loot/loot_armor_2","mdl/weapons_r5/loot/_master/w_loot_cha_shield_upgrade_body.rmdl",0,"","survival_loot_pickup_suits_lvl_02","survival_loot_pickup_3p_suits_lvl_02","weapon_sentryfragdrone_throw_1p","#SURVIVAL_PICKUP_ARMOR_2","#SURVIVAL_PICKUP_ARMOR_2_HINT",1,1,"","",0,0,20,false,false,false,false
false,"armor_pickup_lv3","armor","","","","",3,"PING_EQUIPMENT_ARMOR_3","","rui/hud/loot/loot_armor_3","mdl/weapons_r5/loot/_master/w_loot_cha_shield_upgrade_body.rmdl",0,"","survival_loot_pickup_suits_lvl_03","survival_loot_pickup_3p_suits_lvl_03","weapon_sentryfragdrone_throw_1p","#SURVIVAL_PICKUP_ARMOR_3","#SURVIVAL_PICKUP_ARMOR_3_HINT",1,1,"","",0,0,20,false,false,false,false
false,"armor_pickup_lv4_all_fast","armor","","","","",4,"PING_EQUIPMENT_ARMOR_4","","rui/hud/loot/loot_armor_3","mdl/weapons_r5/loot/_master/w_loot_cha_shield_upgrade_body.rmdl",0,"","survival_loot_pickup_suits_lvl_04","survival_loot_pickup_3p_suits_lvl_04","weapon_sentryfragdrone_throw_1p","#SURVIVAL_PICKUP_ARMOR_4","#SURVIVAL_PICKUP_ARMOR_4_HINT",1,1,"","PAS_BONUS_SMALL_HEAL",0,0,20,false,false,false,false
false,"armor_pickup_lv0_evolving","armor","","","","",0,"","","rui/hud/loot/loot_armor_evo_1","mdl/weapons_r5/loot/_master/w_loot_cha_shield_upgrade_body.rmdl",0,"","survival_loot_pickup_suits_lvl_01","survival_loot_pickup_3p_suits_lvl_01","weapon_sentryfragdrone_throw_1p","#SURVIVAL_PICKUP_ARMOR_EVOLVING","",1,1,"","",0,0,20,false,false,false,true
false,"armor_pickup_lv1_evolving","armor","","","","",1,"PING_EQUIPMENT_ARMOR_1_EVO","","rui/hud/loot/loot_armor_evo_1","mdl/weapons_r5/loot/_master/w_loot_cha_shield_upgrade_body.rmdl",0,"","survival_loot_pickup_suits_lvl_01","survival_loot_pickup_3p_suits_lvl_01","weapon_sentryfragdrone_throw_1p","#SURVIVAL_PICKUP_ARMOR_EVOLVING","#SURVIVAL_PICKUP_ARMOR_E1_HINT",1,1,"","",0,0,20,false,false,false,false
false,"armor_pickup_lv2_evolving","armor","","","","",2,"PING_EQUIPMENT_ARMOR_2_EVO","","rui/hud/loot/loot_armor_evo_1","mdl/weapons_r5/loot/_master/w_loot_cha_shield_upgrade_body.rmdl",0,"","survival_loot_pickup_suits_lvl_02","survival_loot_pickup_3p_suits_lvl_02","weapon_sentryfragdrone_throw_1p","#SURVIVAL_PICKUP_ARMOR_EVOLVING","#SURVIVAL_PICKUP_ARMOR_E2_HINT",1,1,"","",0,0,20,false,false,false,false
false,"armor_pickup_lv3_evolving","armor","","","","",3,"PING_EQUIPMENT_ARMOR_3_EVO","","rui/hud/loot/loot_armor_evo_1","mdl/weapons_r5/loot/_master/w_loot_cha_shield_upgrade_body.rmdl",0,"","survival_loot_pickup_suits_lvl_03","survival_loot_pickup_3p_suits_lvl_03","weapon_sentryfragdrone_throw_1p","#SURVIVAL_PICKUP_ARMOR_EVOLVING","#SURVIVAL_PICKUP_ARMOR_E3_HINT",1,1,"","",0,0,20,false,false,false,false
false,"armor_pickup_lv5_evolving","armor","","","","",5,"PING_EQUIPMENT_ARMOR_5_EVO","","rui/hud/loot/loot_armor_evo_1","mdl/weapons_r5/loot/_master/w_loot_cha_shield_upgrade_body.rmdl",0,"","survival_loot_pickup_suits_lvl_04","survival_loot_pickup_3p_suits_lvl_04","weapon_sentryfragdrone_throw_1p","#SURVIVAL_PICKUP_ARMOR_EVOLVING","#SURVIVAL_PICKUP_ARMOR_E4_HINT",1,1,"","",0,0,20,false,false,false,false
false,"armor_core_pickup_lv1","armor","","","","",1,"PING_EQUIPMENT_SHIELD_CORE_1","","rui/hud/loot/loot_upgrade_core_1","mdl/props/loot_wep_iso_armor/w_loot_wep_iso_armor_core_01.rmdl",0,"","survival_loot_pickup_suits_lvl_01","survival_loot_pickup_3p_suits_lvl_01","weapon_sentryfragdrone_throw_1p","#SURVIVAL_PICKUP_ARMOR_CORE","#SURVIVAL_PICKUP_ARMOR_CORE_HINT",1,1,"","",0,0,20,false,false,false,false
false,"armor_core_pickup_lv2","armor","","","","",2,"PING_EQUIPMENT_SHIELD_CORE_2","","rui/hud/loot/loot_upgrade_core_2","mdl/props/loot_wep_iso_armor/w_loot_wep_iso_armor_core_01.rmdl",0,"","survival_loot_pickup_suits_lvl_02","survival_loot_pickup_3p_suits_lvl_02","weapon_sentryfragdrone_throw_1p","#SURVIVAL_PICKUP_ARMOR_CORE","#SURVIVAL_PICKUP_ARMOR_CORE_HINT",1,1,"","",0,0,20,false,false,false,false
false,"armor_core_pickup_lv3","armor","","","","",3,"PING_EQUIPMENT_SHIELD_CORE_3","","rui/hud/loot/loot_upgrade_core_3","mdl/props/loot_wep_iso_armor/w_loot_wep_iso_armor_core_01.rmdl",0,"","survival_loot_pickup_suits_lvl_03","survival_loot_pickup_3p_suits_lvl_03","weapon_sentryfragdrone_throw_1p","#SURVIVAL_PICKUP_ARMOR_CORE","#SURVIVAL_PICKUP_ARMOR_CORE_HINT",1,1,"","",0,0,20,false,false,false,false
false,"armor_core_pickup_lv5","armor","","","","",5,"PING_EQUIPMENT_SHIELD_CORE_5","","rui/hud/loot/loot_upgrade_core_4","mdl/props/loot_wep_iso_armor/w_loot_wep_iso_armor_core_01.rmdl",0,"","survival_loot_pickup_suits_lvl_04","survival_loot_pickup_3p_suits_lvl_04","weapon_sentryfragdrone_throw_1p","#SURVIVAL_PICKUP_ARMOR_CORE","#SURVIVAL_PICKUP_ARMOR_CORE_HINT",1,1,"","",0,0,20,false,false,false,false
false,"incapshield_pickup_lv0","incapshield","","","","",0,"","","rui/hud/loot/loot_incapshield_1","mdl/weapons_r5/loot/w_loot_wep_iso_shield_down_v1.rmdl",0,"","survival_loot_pickup_wallrun_kit","survival_loot_pickup_3p_wallrun_kit","weapon_sentryfragdrone_throw_1p","#SURVIVAL_PICKUP_INCAPSHIELD_LV1","",1,1,"","",0,0,10,true,false,false,true
false,"incapshield_pickup_lv1","incapshield","","","","",1,"PING_EQUIPMENT_INCAPSHIELD_1","","rui/hud/loot/loot_incapshield_1","mdl/weapons_r5/loot/w_loot_wep_iso_shield_down_v1.rmdl",0,"","survival_loot_pickup_wallrun_kit","survival_loot_pickup_3p_wallrun_kit","weapon_sentryfragdrone_throw_1p","#SURVIVAL_PICKUP_INCAPSHIELD_LV1","#SURVIVAL_PICKUP_INCAPSHIELD_LV1_HINT",1,1,"","",0,0,10,true,false,false,false
false,"incapshield_pickup_lv2","incapshield","","","","",2,"PING_EQUIPMENT_INCAPSHIELD_2","","rui/hud/loot/loot_incapshield_1","mdl/weapons_r5/loot/w_loot_wep_iso_shield_down_v1.rmdl",0,"","survival_loot_pickup_wallrun_kit","survival_loot_pickup_3p_wallrun_kit","weapon_sentryfragdrone_throw_1p","#SURVIVAL_PICKUP_INCAPSHIELD_LV2","#SURVIVAL_PICKUP_INCAPSHIELD_LV2_HINT",1,1,"","",0,0,10,true,false,false,false
false,"incapshield_pickup_lv3","incapshield","","","","",3,"PING_EQUIPMENT_INCAPSHIELD_3","","rui/hud/loot/loot_incapshield_1","mdl/weapons_r5/loot/w_loot_wep_iso_shield_down_v1.rmdl",0,"","survival_loot_pickup_wallrun_kit","survival_loot_pickup_3p_wallrun_kit","weapon_sentryfragdrone_throw_1p","#SURVIVAL_PICKUP_INCAPSHIELD_LV3","#SURVIVAL_PICKUP_INCAPSHIELD_LV3_HINT",1,1,"","",0,0,10,true,false,false,false
false,"incapshield_pickup_lv4_selfrevive","incapshield","","","","",4,"PING_EQUIPMENT_INCAPSHIELD_4","","rui/hud/loot/loot_incapshield_1","mdl/weapons_r5/loot/w_loot_wep_iso_shield_down_v1.rmdl",0,"","survival_loot_pickup_wallrun_kit","survival_loot_pickup_3p_wallrun_kit","weapon_sentryfragdrone_throw_1p","#SURVIVAL_PICKUP_INCAPSHIELD_LV4","#SURVIVAL_PICKUP_INCAPSHIELD_LV4_HINT",1,1,"","PAS_GUARDIAN_ANGEL",0,0,10,true,false,false,false
false,"backpack_pickup_lv1","backpack","","","","",1,"PING_EQUIPMENT_BACKPACK_1","","rui/hud/loot/loot_backpack_1","mdl/humans_r5/loot/w_loot_char_backpack_light.rmdl",0,"","survival_loot_pickup_backpack","survival_loot_pickup_3p_backpack","weapon_sentryfragdrone_throw_1p","#SURVIVAL_PICKUP_BACKPACK_1","#SURVIVAL_PICKUP_BACKPACK_1_HINT",1,1,"","",0,0,10,true,false,false,false
false,"backpack_pickup_lv2","backpack","","","","",2,"PING_EQUIPMENT_BACKPACK_2","","rui/hud/loot/loot_backpack_2","mdl/humans_r5/loot/w_loot_char_backpack_medium.rmdl",0,"","survival_loot_pickup_backpack","survival_loot_pickup_3p_backpack","weapon_sentryfragdrone_throw_1p","#SURVIVAL_PICKUP_BACKPACK_2","#SURVIVAL_PICKUP_BACKPACK_2_HINT",1,1,"","",0,0,10,true,false,false,false
false,"backpack_pickup_lv3","backpack","","","","",3,"PING_EQUIPMENT_BACKPACK_3","","rui/hud/loot/loot_backpack_3","mdl/humans_r5/loot/w_loot_char_backpack_heavy.rmdl",0,"","survival_loot_pickup_backpack","survival_loot_pickup_3p_backpack","weapon_sentryfragdrone_throw_1p","#SURVIVAL_PICKUP_BACKPACK_3","#SURVIVAL_PICKUP_BACKPACK_3_HINT",1,1,"","",0,0,20,true,false,false,false
false,"backpack_pickup_lv4_revive_boost","backpack","","","","",4,"PING_EQUIPMENT_BACKPACK_4","","rui/hud/loot/loot_backpack_3","mdl/humans_r5/loot/w_loot_char_backpack_heavy.rmdl",0,"","survival_loot_pickup_backpack","survival_loot_pickup_3p_backpack","weapon_sentryfragdrone_throw_1p","#SURVIVAL_PICKUP_BACKPACK_4","#SURVIVAL_PICKUP_BACKPACK_4_HINT",1,1,"","PAS_EXTRA_MED_INV",0,0,20,true,false,false,false
false,"mp_weapon_throwingknife","main_weapon","mp_weapon_throwingknife","","","marksman",5,"PING_WEAPON_THROWINGKNIFE","rui/hud/gametype_icons/survival/sur_ammo_knife","","mdl/techart/mshop/weapons/class/cqc/throwingknife/throwingknife_base_w.rmdl",0,"","weapon_ThrowingKnife_pickup","weapon_ThrowingKnife_pickup_3p","","","",1,1,"","",0,0,5,true,false,false,false
false,"mp_weapon_thermite_grenade","ordnance","","","","",1,"PING_OFFHAND_GRENADE_FIRESTAR","","rui/ordnance_icons/grenade_incendiary","mdl/weapons/grenades/w_thermite_grenade.rmdl",0,"","survival_loot_pickup_ArcBlade","survival_loot_pickup_3p_ArcBlade","","","",1,1,"","",0,0,5,false,false,false,false
false,"mp_weapon_frag_grenade","ordnance","","","","",1,"PING_OFFHAND_GRENADE_FRAG","","rui/ordnance_icons/grenade_frag","mdl/weapons/grenades/w_loot_m20_f_grenade_projectile.rmdl",0,"","survival_loot_pickup_ordanance","survival_loot_pickup_3p_ordanance","","","",1,1,"","",0,0,5,false,false,false,false
false,"mp_weapon_grenade_emp","ordnance","","","","",1,"PING_OFFHAND_GRENADE_ARC","","rui/ordnance_icons/grenade_arc","mdl/weapons_r5/loot/w_loot_wep_iso_shuriken.rmdl",0,"","survival_loot_pickup_ArcBlade","survival_loot_pickup_3p_ArcBlade","","","",1,1,"","",0,0,5,true,false,false,false
false,"optic_cq_hcog_classic","attachment","","","","",1,"PING_ATTACHMENT_OPTIC_CQ_HCOG_1","","rui/weapon_icons/attachments/hcog","mdl/weapons_r5/loot/_master/w_loot_wep_mods_optic_cq_hcog_r1.rmdl",1,"survival_loot_attach_hcog","survival_loot_pickup_attachments","survival_loot_pickup_3p_attachments","","","",1,1,"","",0,0,5,false,false,false,false
false,"optic_cq_hcog_bruiser","attachment","","","","",2,"PING_ATTACHMENT_OPTIC_CQ_HCOG_2","","rui/weapon_icons/attachments/hcog_bruiser","mdl/weapons_r5/loot/_master/w_loot_wep_mods_optic_cq_hcog_r2.rmdl",2,"survival_loot_attach_hcog","survival_loot_pickup_attachments","survival_loot_pickup_3p_attachments","","","",1,1,"","",0,0,5,false,false,false,false
false,"optic_cq_holosight","attachment","","","","",1,"PING_ATTACHMENT_OPTIC_CQ_HOLOSIGHT_1","","rui/weapon_icons/attachments/holosight","mdl/weapons_r5/loot/_master/w_loot_wep_mods_optic_cq_holo_var.rmdl",1,"survival_loot_attach_holosight","survival_loot_pickup_attachments","survival_loot_pickup_3p_attachments","","","",1,1,"","",0,0,5,false,false,false,false
false,"optic_cq_holosight_variable","attachment","","","","",2,"PING_ATTACHMENT_OPTIC_CQ_HOLOSIGHT_2","","rui/weapon_icons/attachments/1x_2x_variable_holosight","mdl/weapons_r5/loot/_master/w_loot_wep_mods_optic_cq_holo_var_2x.rmdl",2,"survival_loot_attach_holosight","survival_loot_pickup_attachments","survival_loot_pickup_3p_attachments","","","",1,1,"","",0,0,5,false,false,false,false
true,"optic_cq_threat","attachment","","","","",4,"PING_ATTACHMENT_OPTIC_CQ_THREAT","","rui/weapon_icons/attachments/threat_scope","mdl/weapons_r5/loot/_master/w_loot_wep_mods_optic_cq_threat.rmdl",3,"survival_loot_attach_threat_scope","survival_loot_pickup_attachments","survival_loot_pickup_3p_attachments","","","#SURVIVAL_PICKUP_THREAT_SCOPE_HINT",1,1,"","",0,0,5,false,false,false,false
false,"optic_ranged_hcog","attachment","","","","",3,"PING_ATTACHMENT_OPTIC_RANGED_HCOG","","rui/weapon_icons/attachments/hcog_ranged","mdl/weapons_r5/loot/_master/w_loot_wep_mods_optic_rng_hcog_acgs.rmdl",3,"survival_loot_attach_hcog","survival_loot_pickup_attachments","survival_loot_pickup_3p_attachments","","","",1,1,"","",0,0,5,false,false,false,false
false,"optic_ranged_aog_variable","attachment","","","","",3,"PING_ATTACHMENT_OPTIC_RANGED_AOG","","rui/weapon_icons/attachments/2x_4x_variable_aog","mdl/weapons_r5/loot/_master/w_loot_wep_mods_optic_rng_aog_var_r1.rmdl",3,"survival_loot_attach_aog","survival_loot_pickup_attachments","survival_loot_pickup_3p_attachments","","","",1,1,"","",0,0,5,false,false,false,false
false,"optic_sniper","attachment","","","","",2,"PING_ATTACHMENT_OPTIC_SNIPER","","rui/weapon_icons/attachments/4x_sniper","mdl/weapons_r5/loot/_master/w_loot_wep_mods_optic_sni_dcom.rmdl",3,"survival_loot_attach_aog","survival_loot_pickup_attachments","survival_loot_pickup_3p_attachments","","","",1,1,"","",0,0,5,false,false,false,false
false,"optic_sniper_variable","attachment","","","","",3,"PING_ATTACHMENT_OPTIC_SNIPER_VARIABLE","","rui/weapon_icons/attachments/4x_8x_variable_sniper","mdl/weapons_r5/loot/_master/w_loot_wep_mods_optic_sni_var_talon.rmdl",3,"survival_loot_attach_aog","survival_loot_pickup_attachments","survival_loot_pickup_3p_attachments","","","",1,1,"","",0,0,5,false,false,false,false
false,"optic_sniper_threat","attachment","","","","",4,"PING_ATTACHMENT_OPTIC_SNIPER_THREAT","","rui/weapon_icons/attachments/8x_threat_sniper","mdl/weapons_r5/loot/_master/w_loot_wep_mods_optic_sni_threat_wyeon.rmdl",4,"survival_loot_attach_aog","survival_loot_pickup_attachments","survival_loot_pickup_3p_attachments","","","",1,1,"","",0,0,5,false,false,false,false
false,"barrel_stabilizer_l1","attachment","","","","",1,"PING_ATTACHMENT_BARREL_STABILIZER_1","","rui/pilot_loadout/mods/barrel_stabilizer","mdl/weapons_r5/loot/_master/w_loot_wep_mods_suppr_v2b.rmdl",2,"survival_loot_attach_stabilizer","survival_loot_pickup_attachments","survival_loot_pickup_3p_attachments","","","",1,1,"","",0,0,5,false,false,false,false
false,"barrel_stabilizer_l2","attachment","","","","",2,"PING_ATTACHMENT_BARREL_STABILIZER_2","","rui/pilot_loadout/mods/barrel_stabilizer","mdl/weapons_r5/loot/_master/w_loot_wep_mods_suppr_v2b.rmdl",2,"survival_loot_attach_stabilizer","survival_loot_pickup_attachments","survival_loot_pickup_3p_attachments","","","",1,1,"","",0,0,5,false,false,false,false
false,"barrel_stabilizer_l3","attachment","","","","",3,"PING_ATTACHMENT_BARREL_STABILIZER_3","","rui/pilot_loadout/mods/barrel_stabilizer","mdl/weapons_r5/loot/_master/w_loot_wep_mods_suppr_v2b.rmdl",3,"survival_loot_attach_stabilizer","survival_loot_pickup_attachments","survival_loot_pickup_3p_attachments","","","",1,1,"","",0,0,5,false,false,false,false
true,"barrel_stabilizer_l4_flash_hider","attachment","","","","",4,"PING_ATTACHMENT_BARREL_STABILIZER_4_FLASH_HIDER","","rui/pilot_loadout/mods/barrel_flash","mdl/weapons_r5/loot/_master/w_loot_wep_mods_suppr_v1b.rmdl",0,"survival_loot_attach_silencer","survival_loot_pickup_attachments","survival_loot_pickup_3p_attachments","","","",1,1,"","",0,0,5,false,false,false,false
false,"laser_sight_l1","attachment","","","","",1,"PING_ATTACHMENT_LASER_SIGHT_1","","rui/pilot_loadout/mods/laser_sight","mdl/weapons_r5/loot/_master/w_loot_wep_mods_lasersight_v1.rmdl",0,"survival_loot_attach_laser","survival_loot_pickup_attachments","survival_loot_pickup_3p_attachments","","","",1,1,"","",0,0,5,false,false,false,false
false,"laser_sight_l2","attachment","","","","",2,"PING_ATTACHMENT_LASER_SIGHT_2","","rui/pilot_loadout/mods/laser_sight","mdl/weapons_r5/loot/_master/w_loot_wep_mods_lasersight_v1.rmdl",0,"survival_loot_attach_laser","survival_loot_pickup_attachments","survival_loot_pickup_3p_attachments","","","",1,1,"","",0,0,5,false,false,false,false
false,"laser_sight_l3","attachment","","","","",3,"PING_ATTACHMENT_LASER_SIGHT_3","","rui/pilot_loadout/mods/laser_sight","mdl/weapons_r5/loot/_master/w_loot_wep_mods_lasersight_v1.rmdl",0,"survival_loot_attach_laser","survival_loot_pickup_attachments","survival_loot_pickup_3p_attachments","","","",1,1,"","",0,0,5,false,false,false,false
false,"bullets_mag_l1","attachment","","","","",1,"PING_ATTACHMENT_MAG_BULLET_1","","rui/pilot_loadout/mods/light_mag","mdl/weapons_r5/loot/_master/w_loot_wep_mods_mag_v1b.rmdl",0,"survival_loot_attach_extended_ammo","survival_loot_pickup_attachments","survival_loot_pickup_3p_attachments","","","",1,1,"","",0,0,5,true,false,false,false
false,"bullets_mag_l2","attachment","","","","",2,"PING_ATTACHMENT_MAG_BULLET_2","","rui/pilot_loadout/mods/light_mag","mdl/weapons_r5/loot/_master/w_loot_wep_mods_mag_v1b.rmdl",0,"survival_loot_attach_extended_ammo","survival_loot_pickup_attachments","survival_loot_pickup_3p_attachments","","","",1,1,"","",0,0,5,true,false,false,false
false,"bullets_mag_l3","attachment","","","","",3,"PING_ATTACHMENT_MAG_BULLET_3","","rui/pilot_loadout/mods/light_mag","mdl/weapons_r5/loot/_master/w_loot_wep_mods_mag_v1b.rmdl",0,"survival_loot_attach_extended_ammo","survival_loot_pickup_attachments","survival_loot_pickup_3p_attachments","","","",1,1,"","",0,0,5,true,false,false,false
false,"bullets_mag_l4","attachment","","","","",4,"PING_ATTACHMENT_MAG_BULLET_4","","rui/pilot_loadout/mods/light_mag","mdl/weapons_r5/loot/_master/w_loot_wep_mods_mag_v1b.rmdl",0,"survival_loot_attach_extended_ammo","survival_loot_pickup_attachments","survival_loot_pickup_3p_attachments","","","",1,1,"","",0,0,5,true,false,false,false
false,"highcal_mag_l1","attachment","","","","",1,"PING_ATTACHMENT_MAG_HIGHCAL_1","","rui/pilot_loadout/mods/heavy_mag","mdl/weapons_r5/loot/_master/w_loot_wep_mods_mag_v2b.rmdl",0,"survival_loot_attach_extended_ammo","survival_loot_pickup_attachments","survival_loot_pickup_3p_attachments","","","",1,1,"","",0,0,5,true,false,false,false
false,"highcal_mag_l2","attachment","","","","",2,"PING_ATTACHMENT_MAG_HIGHCAL_2","","rui/pilot_loadout/mods/heavy_mag","mdl/weapons_r5/loot/_master/w_loot_wep_mods_mag_v2b.rmdl",0,"survival_loot_attach_extended_ammo","survival_loot_pickup_attachments","survival_loot_pickup_3p_attachments","","","",1,1,"","",0,0,5,true,false,false,false
false,"highcal_mag_l3","attachment","","","","",3,"PING_ATTACHMENT_MAG_HIGHCAL_3","","rui/pilot_loadout/mods/heavy_mag","mdl/weapons_r5/loot/_master/w_loot_wep_mods_mag_v2b.rmdl",0,"survival_loot_attach_extended_ammo","survival_loot_pickup_attachments","survival_loot_pickup_3p_attachments","","","",1,1,"","",0,0,5,true,false,false,false
false,"highcal_mag_l4","attachment","","","","",4,"PING_ATTACHMENT_MAG_HIGHCAL_4","","rui/pilot_loadout/mods/heavy_mag","mdl/weapons_r5/loot/_master/w_loot_wep_mods_mag_v2b.rmdl",0,"survival_loot_attach_extended_ammo","survival_loot_pickup_attachments","survival_loot_pickup_3p_attachments","","","",1,1,"","",0,0,5,true,false,false,false
false,"energy_mag_l1","attachment","","","","",1,"PING_ATTACHMENT_MAG_ENERGY_1","","rui/pilot_loadout/mods/energy_mag","mdl/weapons_r5/loot/_master/w_loot_wep_mods_mag_energy_v1.rmdl",0,"survival_loot_attach_extended_ammo","survival_loot_pickup_attachments","survival_loot_pickup_3p_attachments","","","",1,1,"","",0,0,5,true,false,false,false
false,"energy_mag_l2","attachment","","","","",2,"PING_ATTACHMENT_MAG_ENERGY_2","","rui/pilot_loadout/mods/energy_mag","mdl/weapons_r5/loot/_master/w_loot_wep_mods_mag_energy_v1.rmdl",0,"survival_loot_attach_extended_ammo","survival_loot_pickup_attachments","survival_loot_pickup_3p_attachments","","","",1,1,"","",0,0,5,true,false,false,false
false,"energy_mag_l3","attachment","","","","",3,"PING_ATTACHMENT_MAG_ENERGY_3","","rui/pilot_loadout/mods/energy_mag","mdl/weapons_r5/loot/_master/w_loot_wep_mods_mag_energy_v1.rmdl",0,"survival_loot_attach_extended_ammo","survival_loot_pickup_attachments","survival_loot_pickup_3p_attachments","","","",1,1,"","",0,0,5,true,false,false,false
false,"energy_mag_l4","attachment","","","","",4,"PING_ATTACHMENT_MAG_ENERGY_4","","rui/pilot_loadout/mods/energy_mag","mdl/weapons_r5/loot/_master/w_loot_wep_mods_mag_energy_v1.rmdl",0,"survival_loot_attach_extended_ammo","survival_loot_pickup_attachments","survival_loot_pickup_3p_attachments","","","",1,1,"","",0,0,5,true,false,false,false
false,"sniper_mag_l1","attachment","","","","",1,"PING_ATTACHMENT_MAG_SNIPER_1","","rui/pilot_loadout/mods/sniper_mag","mdl/weapons_r5/loot/_master/w_loot_wep_mods_mag_sniper_v1.rmdl",0,"survival_loot_attach_extended_ammo","survival_loot_pickup_attachments","survival_loot_pickup_3p_attachments","","","",1,1,"","",0,0,5,true,false,false,false
false,"sniper_mag_l2","attachment","","","","",2,"PING_ATTACHMENT_MAG_SNIPER_2","","rui/pilot_loadout/mods/sniper_mag","mdl/weapons_r5/loot/_master/w_loot_wep_mods_mag_sniper_v1.rmdl",0,"survival_loot_attach_extended_ammo","survival_loot_pickup_attachments","survival_loot_pickup_3p_attachments","","","",1,1,"","",0,0,5,true,false,false,false
false,"sniper_mag_l3","attachment","","","","",3,"PING_ATTACHMENT_MAG_SNIPER_3","","rui/pilot_loadout/mods/sniper_mag","mdl/weapons_r5/loot/_master/w_loot_wep_mods_mag_sniper_v1.rmdl",0,"survival_loot_attach_extended_ammo","survival_loot_pickup_attachments","survival_loot_pickup_3p_attachments","","","",1,1,"","",0,0,5,true,false,false,false
false,"sniper_mag_l4","attachment","","","","",4,"PING_ATTACHMENT_MAG_SNIPER_4","","rui/pilot_loadout/mods/sniper_mag","mdl/weapons_r5/loot/_master/w_loot_wep_mods_mag_sniper_v1.rmdl",0,"survival_loot_attach_extended_ammo","survival_loot_pickup_attachments","survival_loot_pickup_3p_attachments","","","",1,1,"","",0,0,5,true,false,false,false
false,"shotgun_bolt_l1","attachment","","","","",1,"PING_ATTACHMENT_SHOTGUN_BOLT_1","","rui/pilot_loadout/mods/shotgun_mag","mdl/weapons_r5/loot/_master/w_loot_wep_mods_mag_v3b.rmdl",0,"survival_loot_attach_extended_ammo","survival_loot_pickup_attachments","survival_loot_pickup_3p_attachments","","","",1,1,"","",0,0,5,true,false,false,false
false,"shotgun_bolt_l2","attachment","","","","",2,"PING_ATTACHMENT_SHOTGUN_BOLT_2","","rui/pilot_loadout/mods/shotgun_mag","mdl/weapons_r5/loot/_master/w_loot_wep_mods_mag_v3b.rmdl",0,"survival_loot_attach_extended_ammo","survival_loot_pickup_attachments","survival_loot_pickup_3p_attachments","","","",1,1,"","",0,0,5,true,false,false,false
false,"shotgun_bolt_l3","attachment","","","","",3,"PING_ATTACHMENT_SHOTGUN_BOLT_3","","rui/pilot_loadout/mods/shotgun_mag","mdl/weapons_r5/loot/_master/w_loot_wep_mods_mag_v3b.rmdl",0,"survival_loot_attach_extended_ammo","survival_loot_pickup_attachments","survival_loot_pickup_3p_attachments","","","",1,1,"","",0,0,5,true,false,false,false
false,"shotgun_bolt_l4","attachment","","","","",4,"PING_ATTACHMENT_SHOTGUN_BOLT_4","","rui/pilot_loadout/mods/shotgun_mag","mdl/weapons_r5/loot/_master/w_loot_wep_mods_mag_v3b.rmdl",0,"survival_loot_attach_extended_ammo","survival_loot_pickup_attachments","survival_loot_pickup_3p_attachments","","","",1,1,"","",0,0,5,true,false,false,false
false,"stock_tactical_l1","attachment","","","","",1,"PING_ATTACHMENT_STOCK_STANDARD_1","","rui/pilot_loadout/mods/tactical_stock","mdl/weapons_r5/loot/w_loot_wep_iso_stock_folded_regular.rmdl",0,"survival_loot_attach_stabilizer","survival_loot_pickup_attachments","survival_loot_pickup_3p_attachments","","","",1,1,"","",0,0,5,true,false,false,false
false,"stock_tactical_l2","attachment","","","","",2,"PING_ATTACHMENT_STOCK_STANDARD_2","","rui/pilot_loadout/mods/tactical_stock","mdl/weapons_r5/loot/w_loot_wep_iso_stock_folded_regular.rmdl",0,"survival_loot_attach_stabilizer","survival_loot_pickup_attachments","survival_loot_pickup_3p_attachments","","","",1,1,"","",0,0,5,true,false,false,false
false,"stock_tactical_l3","attachment","","","","",3,"PING_ATTACHMENT_STOCK_STANDARD_3","","rui/pilot_loadout/mods/tactical_stock","mdl/weapons_r5/loot/w_loot_wep_iso_stock_folded_regular.rmdl",0,"survival_loot_attach_stabilizer","survival_loot_pickup_attachments","survival_loot_pickup_3p_attachments","","","",1,1,"","",0,0,5,true,false,false,false
false,"stock_sniper_l1","attachment","","","","",1,"PING_ATTACHMENT_STOCK_SNIPER_1","","rui/pilot_loadout/mods/sniper_stock","mdl/weapons_r5/loot/w_loot_wep_iso_stock_folded_sniper.rmdl",0,"survival_loot_attach_stabilizer","survival_loot_pickup_attachments","survival_loot_pickup_3p_attachments","","","",1,1,"","",0,0,5,true,false,false,false
false,"stock_sniper_l2","attachment","","","","",2,"PING_ATTACHMENT_STOCK_SNIPER_2","","rui/pilot_loadout/mods/sniper_stock","mdl/weapons_r5/loot/w_loot_wep_iso_stock_folded_sniper.rmdl",0,"survival_loot_attach_stabilizer","survival_loot_pickup_attachments","survival_loot_pickup_3p_attachments","","","",1,1,"","",0,0,5,true,false,false,false
false,"stock_sniper_l3","attachment","","","","",3,"PING_ATTACHMENT_STOCK_SNIPER_3","","rui/pilot_loadout/mods/sniper_stock","mdl/weapons_r5/loot/w_loot_wep_iso_stock_folded_sniper.rmdl",0,"survival_loot_attach_stabilizer","survival_loot_pickup_attachments","survival_loot_pickup_3p_attachments","","","",1,1,"","",0,0,5,true,false,false,false
false,"hopup_turbocharger","attachment","","","","",4,"PING_ATTACHMENT_HOPUP_TURBOCHARGER","","rui/pilot_loadout/mods/hopup_turbocharger","mdl/weapons_r5/loot/_master/w_loot_wep_mods_chip.rmdl",4,"survival_loot_attach_stabilizer","survival_loot_pickup_attachments","survival_loot_pickup_3p_attachments","","","",1,1,"","",0,0,10,false,false,false,false
true,"hopup_selectfire","attachment","","","","",3,"PING_ATTACHMENT_HOPUP_SELECTFIRE","","rui/pilot_loadout/mods/hopup_autofire","mdl/weapons_r5/loot/_master/w_loot_wep_mods_chip.rmdl",3,"survival_loot_attach_stabilizer","survival_loot_pickup_attachments","survival_loot_pickup_3p_attachments","","","",1,1,"","",0,0,10,false,false,false,false
false,"hopup_headshot_dmg","attachment","","","","",4,"PING_ATTACHMENT_HOPUP_HEADSHOT_DMG","","rui/pilot_loadout/mods/hopup_skullpiercer","mdl/weapons_r5/loot/_master/w_loot_wep_mods_chip.rmdl",4,"survival_loot_attach_stabilizer","survival_loot_pickup_attachments","survival_loot_pickup_3p_attachments","","","",1,1,"","",0,0,10,false,false,false,false
false,"hopup_headshot_dmg_elite","attachment","","","","",4,"PING_ATTACHMENT_HOPUP_HEADSHOT_DMG","","rui/pilot_loadout/mods/hopup_skullpiercer","mdl/weapons_r5/loot/_master/w_loot_wep_mods_chip.rmdl",4,"survival_loot_attach_stabilizer","survival_loot_pickup_attachments","survival_loot_pickup_3p_attachments","","","",1,1,"","",0,0,10,false,false,false,false
false,"hopup_headshot_dmg_elite_ghorse","attachment","","","","",4,"PING_ATTACHMENT_HOPUP_HEADSHOT_DMG","","rui/pilot_loadout/mods/hopup_skullpiercer","mdl/weapons_r5/loot/_master/w_loot_wep_mods_chip.rmdl",4,"survival_loot_attach_stabilizer","survival_loot_pickup_attachments","survival_loot_pickup_3p_attachments","","","",1,1,"","",0,0,10,false,false,false,false
false,"hopup_shield_breaker","attachment","","","","",4,"PING_ATTACHMENT_HOPUP_SHIELD_BREAKER","","rui/pilot_loadout/mods/hopup_shield_breaker","mdl/weapons_r5/loot/_master/w_loot_wep_mods_chip.rmdl",4,"survival_loot_attach_stabilizer","survival_loot_pickup_attachments","survival_loot_pickup_3p_attachments","","","",1,1,"","",0,0,10,false,false,false,false
false,"hopup_unshielded_dmg","attachment","","","","",4,"PING_ATTACHMENT_HOPUP_UNSHIELDED_DMG","","rui/pilot_loadout/mods/hopup_unshielded_dmg","mdl/weapons_r5/loot/_master/w_loot_wep_mods_chip.rmdl",4,"survival_loot_attach_stabilizer","survival_loot_pickup_attachments","survival_loot_pickup_3p_attachments","","","",1,1,"","",0,0,10,false,false,false,false
false,"hopup_highcal_rounds","attachment","","","","",4,"PING_ATTACHMENT_HOPUP_HIGHCAL_ROUNDS","","rui/pilot_loadout/mods/hopup_anvilreceiver","mdl/weapons_r5/loot/_master/w_loot_wep_mods_chip.rmdl",4,"survival_loot_attach_stabilizer","survival_loot_pickup_attachments","survival_loot_pickup_3p_attachments","","","",1,1,"","",0,0,10,false,false,false,false
false,"hopup_double_tap","attachment","","","","",4,"PING_ATTACHMENT_HOPUP_DOUBLE_TAP","","rui/pilot_loadout/mods/hopup_doubletap","mdl/weapons_r5/loot/_master/w_loot_wep_mods_chip.rmdl",4,"survival_loot_attach_stabilizer","survival_loot_pickup_attachments","survival_loot_pickup_3p_attachments","","","",1,1,"","",0,0,10,false,false,false,false
true,"hopup_paintball","attachment","","","","",1,"PING_ATTACHMENT_HOPUP_PAINTBALL","","rui/pilot_loadout/mods/hopup_graffiti","mdl/weapons_r5/loot/_master/w_loot_wep_mods_chip.rmdl",0,"survival_loot_attach_stabilizer","survival_loot_pickup_attachments","survival_loot_pickup_3p_attachments","","","",1,1,"","",0,0,10,false,false,false,false
false,"paintball","attachment","","","","FakeHopup",4,"","","rui/pilot_loadout/mods/hopup_graffiti","mdl/weapons_r5/loot/_master/w_loot_wep_mods_chip.rmdl",0,"survival_loot_attach_stabilizer","survival_loot_pickup_attachments","survival_loot_pickup_3p_attachments","","","",1,1,"","",0,0,10,false,false,false,false
true,"hopup_quickdraw_holster","attachment","","","","",3,"PING_ATTACHMENT_HOPUP_QUICKDRAW_HOLSTER","","rui/pilot_loadout/mods/hopup_quickdraw_holster","mdl/weapons_r5/loot/_master/w_loot_wep_mods_chip.rmdl",0,"survival_loot_attach_stabilizer","survival_loot_pickup_attachments","survival_loot_pickup_3p_attachments","","","",1,1,"","",0,0,10,false,false,false,false
false,"hopup_shatter_rounds","attachment","","","","",3,"PING_ATTACHMENT_HOPUP_SHATTER_ROUNDS","","rui/pilot_loadout/mods/hopup_shatter_caps","mdl/weapons_r5/loot/_master/w_loot_wep_mods_chip.rmdl",0,"survival_loot_attach_stabilizer","survival_loot_pickup_attachments","survival_loot_pickup_3p_attachments","","","",1,1,"","",0,0,10,false,false,false,false
true,"hopup_kinetic_loader","attachment","","","","",3,"PING_ATTACHMENT_HOPUP_KINETIC_FEEDER","","rui/pilot_loadout/mods/hopup_kinetic_feeder","mdl/weapons_r5/loot/_master/w_loot_wep_mods_chip.rmdl",0,"survival_loot_attach_stabilizer","survival_loot_pickup_attachments","survival_loot_pickup_3p_attachments","","","",1,1,"","",0,0,10,false,false,false,false
false,"hopup_smart_reload","attachment","","","","",4,"PING_ATTACHMENT_HOPUP_SMART_RELOAD","","rui/pilot_loadout/mods/hopup_smart_reload","mdl/weapons_r5/loot/_master/w_loot_wep_mods_chip.rmdl",4,"survival_loot_attach_stabilizer","survival_loot_pickup_attachments","survival_loot_pickup_3p_attachments","","","",1,1,"","",0,0,10,false,false,false,false
false,"mp_ability_mobile_respawn_beacon","ordnance","","","","",2,"PING_RESPAWN_MOBILE","","rui/hud/gametype_icons/survival/mobile_respawn_beacon_icon","mdl/weapons/beacon_capsule_01/beacon_capsule_01.rmdl",0,"","Survival_Loot_Pickup_MobileRespawnBeacon_Capsule","Survival_Loot_Pickup_3p_MobileRespawnBeacon_Capsule","","#SURVIVAL_PICKUP_MOBILE_RESPAWN","#SURVIVAL_PICKUP_MOBILE_RESPAWN_HINT",1,1,"","",0,0,5,true,true,false,false
false,"data_knife","data_knife","","","","",5,"PING_ITEM_DATA_KNIFE","","rui/hud/gametype_icons/survival/data_knife","mdl/weapons_r5/loot/_master/w_loot_msc_keycard_v1.rmdl",0,"","survival_loot_pickup_VaultKey","survival_loot_pickup_3p_tactical_ammo","","#SURVIVAL_PICKUP_DATA_KNIFE","#SURVIVAL_PICKUP_DATA_KNIFE_HINT",1,1,"","",0,0,0,false,false,false,false
false,"s4t_item0","custom_pickup","","","","",5,"","","rui/menu/buttons/battlepass/weapon_charm","mdl/weapons_r5/loot/_master/w_loot_msc_keycard_v1.rmdl",0,"","survival_loot_pickup_VaultKey","survival_loot_pickup_3p_tactical_ammo","","#SURVIVAL_PICKUP_S4T_ITEM0","#SURVIVAL_PICKUP_S4T_ITEM0_HINT",1,1,"","",0,0,0,false,false,false,false
false,"treasure_box","custom_pickup","","","","",5,"PING_ITEM_TREASURE_BOX","","rui/hud/loot/loot_treasure_pack","mdl/weapons_r5/misc_pve/s5_treasure_box/w_s5_treasure_box.rmdl",7,"","Season51_loot_pickup_TreasurePack","survival_loot_pickup_3p_tactical_ammo","","#SURVIVAL_PICKUP_TREASUREBOX","#SURVIVAL_PICKUP_TREASUREBOX_HINT",1,0,"","",0,0,0,false,false,false,false
false,"doubler_flag","custom_pickup","","","","",3,"","","rui/hud/gametype_icons/survival/dna_station","mdl/props/arc_tool_sp/arc_tool_sp_animated.rmdl",0,"","survival_loot_pickup_ArcBlade","survival_loot_pickup_3p_ArcBlade","","#SURVIVAL_PICKUP_DOUBLER","#SURVIVAL_PICKUP_DOUBLER_HINT",1,1,"","",0,0,0,false,false,false,false
false,"quadrupler_flag","custom_pickup","","","","",4,"","","rui/hud/gametype_icons/survival/dna_station","mdl/props/arc_tool_sp/arc_tool_sp_animated.rmdl",0,"","survival_loot_pickup_ArcBlade","survival_loot_pickup_3p_ArcBlade","","#SURVIVAL_PICKUP_QUADRUPLER","#SURVIVAL_PICKUP_QUADRUPLER_HINT",1,1,"","",0,0,0,false,false,false,false
false,"mp_ability_void_ring","gadget","","","","",2,"PING_OFFHAND_VOID_RING","","rui/hud/gametype_icons/survival/void_ring_icon","mdl/props/void_ring/loot_void_ring.rmdl",0,"","Survival_Loot_Pickup_VoidRing","Survival_Loot_Pickup_3p_VoidRing","","#SURVIVAL_PICKUP_VOID_RING","#SURVIVAL_PICKUP_VOID_RING_HINT",2,2,"","",0,0,5,false,true,false,false
false,"mp_ability_mobile_respawn_beacon","gadget","","","","",2,"PING_LOOT_RESPAWN_MOBILE","","rui/hud/gametype_icons/survival/mobile_respawn_beacon_icon","mdl/weapons/beacon_capsule_01/beacon_capsule_01.rmdl",0,"","Survival_Loot_Pickup_MobileRespawnBeacon_Capsule","Survival_Loot_Pickup_3p_MobileRespawnBeacon_Capsule","","#SURVIVAL_PICKUP_MOBILE_RESPAWN","#SURVIVAL_PICKUP_MOBILE_RESPAWN_HINT",1,1,"","",0,0,5,true,true,false,false
false,"loot_marvin_arm","marvin_arm","","","","",4,"PING_ITEM_MARVIN_ARM","","rui/hud/loot/loot_marvin_arm","mdl/robotics_r5/marvin/marvin_base_v2_arm.rmdl",0,"","survival_loot_pickup_VaultKey","survival_loot_pickup_3p_tactical_ammo","","#SURVIVAL_PICKUP_MARVIN_ARM","#SURVIVAL_PICKUP_MARVIN_ARM_HINT",1,1,"","",0,0,0,false,false,false,false
false,"ship_keycard","ship_keycard","","","","",5,"PING_ITEM_SHIP_KEYCARD","","rui/hud/gametype_icons/survival/data_knife","mdl/weapons_r5/loot/_master/w_loot_msc_keycard_v1.rmdl",0,"","survival_loot_pickup_VaultKey","survival_loot_pickup_3p_tactical_ammo","","#SURVIVAL_PICKUP_SHIP_KEYCARD","#SURVIVAL_PICKUP_SHIP_KEYCARD_HINT",1,1,"","",0,0,0,false,false,false,false
false,"mp_ability_redeploy_balloon","gadget","","","","",2,"PING_LOOT_REDEPLOY_BALLOON","","rui/hud/evac_tower/evac_tower_loot","mdl/props/evac_tower_loot/evac_tower_loot.rmdl",0,"","Survival_Loot_Pickup_EvacTower_1P","Survival_Loot_Pickup_EvacTower_3P","","#SURVIVAL_PICKUP_REDEPLOY_BALLOON","#SURVIVAL_PICKUP_REDEPLOY_BALLOON_HINT",1,1,"","",0,0,5,false,true,false,false
false,"expired_banners","custom_pickup","","","","",5,"REPLY_RESPAWN_YES","","rui/hud/gametype_icons/survival/dna_station","mdl/props/ultimate_accelerant/ultimate_accelerant_banner_crafting.rmdl",0,"","Season51_loot_pickup_TreasurePack","survival_loot_pickup_3p_tactical_ammo","","#SURVIVAL_PICKUP_CRAFTED_BANNER","#SURVIVAL_PICKUP_CRAFTED_BANNER_HINT",1,0,"","",0,0,0,false,false,false,false
false,"mp_ability_copycat_kit_bloodhound_sonar","gadget","","","","",2,"PING_ITEM_COPYCAT_KIT","","rui/hud/gametype_icons/survival/supply_drop","mdl\weapons_r5\loot\w_loot_misc_copycat_kit.rmdl",1,"","Survival_Loot_Pickup_CopyCat_Tactical","Survival_Loot_Pickup_3p_CopyCat_Tactical","","#SURVIVAL_PICKUP_COPYCAT_KIT_BLOODHOUND","#SURVIVAL_PICKUP_COPYCAT_KIT_HINT_TACT",1,1,"","",0,0,5,true,true,false,false
false,"mp_ability_copycat_kit_horizon_elevator","gadget","","","","",2,"PING_ITEM_COPYCAT_KIT","","rui/hud/gametype_icons/survival/supply_drop","mdl\weapons_r5\loot\w_loot_misc_copycat_kit.rmdl",3,"","Survival_Loot_Pickup_CopyCat_Tactical","Survival_Loot_Pickup_3p_CopyCat_Tactical","","#SURVIVAL_PICKUP_COPYCAT_KIT_HORIZON","#SURVIVAL_PICKUP_COPYCAT_KIT_HINT_TACT",1,1,"","",0,0,5,true,true,false,false
false,"mp_ability_copycat_kit_mirage_holopilot","gadget","","","","",2,"PING_ITEM_COPYCAT_KIT","","rui/hud/gametype_icons/survival/supply_drop","mdl\weapons_r5\loot\w_loot_misc_copycat_kit.rmdl",4,"","Survival_Loot_Pickup_CopyCat_Tactical","Survival_Loot_Pickup_3p_CopyCat_Tactical","","#SURVIVAL_PICKUP_COPYCAT_KIT_MIRAGE","#SURVIVAL_PICKUP_COPYCAT_KIT_HINT_TACT",1,1,"","",0,0,5,true,true,false,false
false,"mp_ability_copycat_kit_wraith_phase_walk","gadget","","","","",2,"PING_ITEM_COPYCAT_KIT","","rui/hud/gametype_icons/survival/supply_drop","mdl\weapons_r5\loot\w_loot_misc_copycat_kit.rmdl",2,"","Survival_Loot_Pickup_CopyCat_Tactical","Survival_Loot_Pickup_3p_CopyCat_Tactical","","#SURVIVAL_PICKUP_COPYCAT_KIT_WRAITH","#SURVIVAL_PICKUP_COPYCAT_KIT_HINT_TACT",1,1,"","",0,0,5,true,true,false,false
false,"mp_ability_copycat_kit_catalyst_wall","gadget","","","","",3,"PING_ITEM_COPYCAT_KIT","","rui/hud/gametype_icons/survival/supply_drop","mdl\weapons_r5\loot\w_loot_misc_copycat_kit.rmdl",5,"","Survival_Loot_Pickup_CopyCat_Ultimate","Survival_Loot_Pickup_3p_CopyCat_Ultimate","","#SURVIVAL_PICKUP_COPYCAT_KIT_CATALYST","#SURVIVAL_PICKUP_COPYCAT_KIT_HINT_ULT",1,1,"","",0,0,5,true,true,false,false
false,"mp_ability_copycat_kit_octane_pad","gadget","","","","",3,"PING_ITEM_COPYCAT_KIT","","rui/hud/gametype_icons/survival/supply_drop","mdl\weapons_r5\loot\w_loot_misc_copycat_kit.rmdl",6,"","Survival_Loot_Pickup_CopyCat_Ultimate","Survival_Loot_Pickup_3p_CopyCat_Ultimate","","#SURVIVAL_PICKUP_COPYCAT_KIT_OCTANE","#SURVIVAL_PICKUP_COPYCAT_KIT_HINT_ULT",1,1,"","",0,0,5,true,true,false,false
false,"mp_ability_copycat_kit_ash_phase_blade","gadget","","","","",3,"PING_ITEM_COPYCAT_KIT","","rui/hud/gametype_icons/survival/supply_drop","mdl\weapons_r5\loot\w_loot_misc_copycat_kit.rmdl",7,"","Survival_Loot_Pickup_CopyCat_Ultimate","Survival_Loot_Pickup_3p_CopyCat_Ultimate","","#SURVIVAL_PICKUP_COPYCAT_KIT_ASH","#SURVIVAL_PICKUP_COPYCAT_KIT_HINT_ULT",1,1,"","",0,0,5,true,true,false,false
false,"mp_ability_copycat_kit_caustic_grenade_gas","gadget","","","","",3,"PING_ITEM_COPYCAT_KIT","","rui/hud/gametype_icons/survival/supply_drop","mdl\weapons_r5\loot\w_loot_misc_copycat_kit.rmdl",8,"","Survival_Loot_Pickup_CopyCat_Ultimate","Survival_Loot_Pickup_3p_CopyCat_Ultimate","","#SURVIVAL_PICKUP_COPYCAT_KIT_CAUSTIC","#SURVIVAL_PICKUP_COPYCAT_KIT_HINT_ULT",1,1,"","",0,0,5,true,true,false,false
false,"mp_weapon_titan_sword","main_weapon","","","","melee",5,"PING_WEAPON_TITAN_SWORD","rui/hud/gametype_icons/survival/sur_ammo_buster_sword","","mdl/weapons/titansword/w_loot_titansword.rmdl",0,"","titansword_pickup_1p","titansword_pickup_3p","","#WPN_TITAN_SWORD","#WPN_TITAN_SWORD_DESC",1,1,"","",0,0,20,true,false,false,false
false,"fr_nessie","collectable_nessie","","","","",5,"PING_COLLECTIBLE_NESSIE","","rui/gamemodes/tdm/tdm_squad_icon0_easteregg","mdl/props/nessie/nessie_april_fools.rmdl",0,"","AFLTM_Vocal_Wander","AFLTM_Vocal_Wander","","#SURVIVAL_PICKUP_NESSIE","#SURVIVAL_PICKUP_NESSIE_HINT",1,1,"","",0,0,0,false,false,false,false
false,"fr_nessie_yellow","collectable_nessie","","","","",5,"PING_COLLECTIBLE_NESSIE","","rui/gamemodes/tdm/tdm_squad_icon0_easteregg","mdl/props/nessie/nessie_april_fools.rmdl",1,"","AFLTM_Vocal_Wander","AFLTM_Vocal_Wander","","#SURVIVAL_PICKUP_NESSIE","#SURVIVAL_PICKUP_NESSIE_HINT",1,1,"","",0,0,0,false,false,false,false
false,"fr_nessie_pink","collectable_nessie","","","","",5,"PING_COLLECTIBLE_NESSIE","","rui/gamemodes/tdm/tdm_squad_icon0_easteregg","mdl/props/nessie/nessie_april_fools.rmdl",2,"","AFLTM_Vocal_Wander","AFLTM_Vocal_Wander","","#SURVIVAL_PICKUP_NESSIE","#SURVIVAL_PICKUP_NESSIE_HINT",1,1,"","",0,0,0,false,false,false,false
false,"fr_nessie_turquoise","collectable_nessie","","","","",5,"PING_COLLECTIBLE_NESSIE","","rui/gamemodes/tdm/tdm_squad_icon0_easteregg","mdl/props/nessie/nessie_april_fools.rmdl",3,"","AFLTM_Vocal_Wander","AFLTM_Vocal_Wander","","#SURVIVAL_PICKUP_NESSIE","#SURVIVAL_PICKUP_NESSIE_HINT",1,1,"","",0,0,0,false,false,false,false
false,"fr_nessie_blue","collectable_nessie","","","","",5,"PING_COLLECTIBLE_NESSIE","","rui/gamemodes/tdm/tdm_squad_icon0_easteregg","mdl/props/nessie/nessie_april_fools.rmdl",4,"","AFLTM_Vocal_Wander","AFLTM_Vocal_Wander","","#SURVIVAL_PICKUP_NESSIE","#SURVIVAL_PICKUP_NESSIE_HINT",1,1,"","",0,0,0,false,false,false,false
false,"fr_nessie_red","collectable_nessie","","","","",5,"PING_COLLECTIBLE_NESSIE","","rui/gamemodes/tdm/tdm_squad_icon0_easteregg","mdl/props/nessie/nessie_april_fools.rmdl",5,"","AFLTM_Vocal_Wander","AFLTM_Vocal_Wander","","#SURVIVAL_PICKUP_NESSIE","#SURVIVAL_PICKUP_NESSIE_HINT",1,1,"","",0,0,0,false,false,false,false
false,"fr_nessie_moy","collectable_nessie","","","","",5,"PING_COLLECTIBLE_NESSIE","","rui/gamemodes/tdm/tdm_squad_icon0_easteregg","mdl/props/nessie/nessie_april_fools.rmdl",6,"","AFLTM_Vocal_Wander","AFLTM_Vocal_Wander","","#SURVIVAL_PICKUP_NESSIE","#SURVIVAL_PICKUP_NESSIE_HINT",1,1,"","",0,0,0,false,false,false,false
false,"fr_nessie_large","collectable_nessie","","","","",5,"PING_COLLECTIBLE_NESSIE","","rui/gamemodes/tdm/tdm_squad_icon0_easteregg","mdl/props/nessie/nessie_april_fools_large.rmdl",0,"","AFLTM_Vocal_Wander","AFLTM_Vocal_Wander","","#SURVIVAL_PICKUP_NESSIE_LARGE","#SURVIVAL_PICKUP_NESSIE_LARGE_HINT",1,1,"","",0,0,0,false,false,false,false
false,"fr_nessie_lavender","collectable_nessie","","","","",5,"PING_COLLECTIBLE_NESSIE","","rui/gamemodes/tdm/tdm_squad_icon0_easteregg","mdl/props/nessie/nessie_april_fools.rmdl",7,"","AFLTM_Vocal_Wander","AFLTM_Vocal_Wander","","#SURVIVAL_PICKUP_NESSIE","#SURVIVAL_PICKUP_NESSIE_HINT",1,1,"","",0,0,0,false,false,false,false
false,"mp_weapon_grenade_rev_shell","ordnance","","","","",1,"PING_ITEM_REV_SHELL","","rui/ordnance_icons/grenade_rev_shell","mdl/props/skull_grenade/skull_grenade_base_w.rmdl",0,"","weapon_revshellseeker_pickup_1p","weapon_revshellseeker_pickup_3p","","","#SURVIVAL_PICKUP_REV_SHELL_HINT",1,1,"","",0,0,5,true,true,false,false
false,"candy_pickup","candy_pickup","","","","",4,"PING_ITEM_CANDY","","rui/hud/loot/loot_candy_pickup","mdl\weapons_r5\loot\w_loot_misc_candy_bucket.rmdl",0,"","Survival_Loot_Pickup_Candy_Blast_1P","Survival_Loot_Pickup_Candy_Blast_3P","","#SURVIVAL_PICKUP_CANDY","#SURVIVAL_PICKUP_CANDY_HINT",1,1,"","",0,0,0,false,false,false,false
false,"hopup_golden_horse_blue","attachment","","","","",2,"PING_ATTACHMENT_HOPUP_GOLDEN_HORSE","","rui/pilot_loadout/mods/hopup_golden_horse_blue","mdl/weapons_r5/loot/w_loot_misc_ragold_orb.rmdl",2,"survival_loot_attach_stabilizer","materia_equip_1P","materia_equip_3P","","","",1,1,"","",0,0,10,false,false,false,false
false,"hopup_golden_horse_green","attachment","","","","",1,"PING_ATTACHMENT_HOPUP_GOLDEN_HORSE","","rui/pilot_loadout/mods/hopup_golden_horse_green","mdl/weapons_r5/loot/w_loot_misc_ragold_orb.rmdl",1,"survival_loot_attach_stabilizer","materia_equip_1P","materia_equip_3P","","","",1,1,"","",0,0,10,false,false,false,false
false,"hopup_golden_horse_yellow","attachment","","","","",4,"PING_ATTACHMENT_HOPUP_GOLDEN_HORSE","","rui/pilot_loadout/mods/hopup_golden_horse_yellow","mdl/weapons_r5/loot/w_loot_misc_ragold_orb.rmdl",4,"survival_loot_attach_stabilizer","materia_equip_1P","materia_equip_3P","","","",1,1,"","",0,0,10,false,false,false,false
false,"hopup_golden_horse_purple","attachment","","","","",3,"PING_ATTACHMENT_HOPUP_GOLDEN_HORSE","","rui/pilot_loadout/mods/hopup_golden_horse_purple","mdl/weapons_r5/loot/w_loot_misc_ragold_orb.rmdl",3,"survival_loot_attach_stabilizer","materia_equip_1P","materia_equip_3P","","","",1,1,"","",0,0,10,false,false,false,false
false,"hopup_golden_horse_red","attachment","","","","",5,"PING_ATTACHMENT_HOPUP_GOLDEN_HORSE","","rui/pilot_loadout/mods/hopup_golden_horse_red","mdl/weapons_r5/loot/w_loot_misc_ragold_orb.rmdl",5,"survival_loot_attach_stabilizer","materia_equip_1P","materia_equip_3P","","","",1,1,"","",0,0,10,false,false,false,false
false,"mp_pickup_xp_cache","evo_pickup","","","","",2,"PING_ITEM_XP_CACHE","","rui/hud/gametype_icons/survival/upgrade_station_large","mdl/props/evo_cache_prop_w/evo_cache_prop_w.rmdl",0,"","survival_loot_pickup_evoCache_small","survival_loot_pickup_3p_tactical_ammo","","#SURVIVAL_PICKUP_XP_CACHE","#SURVIVAL_PICKUP_XP_CACHE_HINT",1,1,"","",0,0,0,false,false,false,false
false,"mp_pickup_xp_cache_dynamic","evo_pickup","","","","",4,"PING_ITEM_XP_CACHE_FULL","","rui/hud/gametype_icons/survival/upgrade_station_large","mdl/props/evo_cache_prop_w/evo_cache_prop_w.rmdl",0,"","survival_loot_pickup_evoCache","survival_loot_pickup_3p_tactical_ammo","","#SURVIVAL_PICKUP_XP_CACHE_DYNAMIC","#SURVIVAL_PICKUP_XP_CACHE_DYNAMIC_HINT",1,1,"","",0,0,0,false,false,false,false
false,"mp_pickup_xp_cache_large","evo_pickup","","","","",3,"PING_ITEM_XP_CACHE","","rui/hud/gametype_icons/survival/upgrade_station_large","mdl/props/evo_cache_prop_w/evo_cache_prop_w.rmdl",0,"","survival_loot_pickup_evoCache_large","survival_loot_pickup_3p_tactical_ammo","","#SURVIVAL_PICKUP_XP_CACHE_LARGE","#SURVIVAL_PICKUP_XP_CACHE_LARGE_HINT",1,1,"","",0,0,0,false,false,false,false
false,"sh_bounty_hunt","evo_pickup","","","","",5,"PING_ITEM_THE_HUNT","","rui/hud/poi_icons/poi_hunt_datapad","mdl/props/ultimate_accelerant/ultimate_accelerant.rmdl",0,"","survival_loot_pickup_VaultKey","survival_loot_pickup_3p_tactical_ammo","","#SURVIVAL_PICKUP_THE_HUNT","#SURVIVAL_PICKUP_THE_HUNT_HINT",1,1,"","",0,0,0,false,false,false,false
"bool","string","string","string","string","string","string","int","string","asset_noprecache","asset_noprecache","asset","int","string","string","string","string","string","string","int","int","string","string","int","int","int","bool","bool","bool","bool"